,track_id,track_uri,danceability,energy,key,loudness,mode,acousticness,instrumentalness,liveness,valence,tempo,duration_ms,time_signature
0,7fnlGpqyZ8KPATE5HXHrke,spotify:track:7fnlGpqyZ8KPATE5HXHrke,0.56,0.877,6,-4.534,1,0.0117,0.0221,0.328,0.483,125.092,244164,4
1,7LWvckYxoIoPb1QW6OnrEb,spotify:track:7LWvckYxoIoPb1QW6OnrEb,0.618,0.737,4,-6.705,1,0.225,2.31e-06,0.436,0.794,130.056,156510,4
2,5NvqDMHAL38UTfNQFizEWm,spotify:track:5NvqDMHAL38UTfNQFizEWm,0.472,0.983,11,-5.469,1,0.00596,0.000679,0.139,0.427,151.995,240031,4
3,1pAYBMrUtPnCBexIsA7yag,spotify:track:1pAYBMrUtPnCBexIsA7yag,0.584,0.645,3,-6.959,0,0.0281,0.321,0.102,0.711,199.963,164400,4
4,0vF9TaEJHO0Zm1ejF7AGC0,spotify:track:0vF9TaEJHO0Zm1ejF7AGC0,0.498,0.72,0,-7.812,1,0.0958,2.54e-05,0.243,0.406,164.916,206100,4
5,3Idd0RLLacT6ZRcM4Aj0KP,spotify:track:3Idd0RLLacT6ZRcM4Aj0KP,0.564,0.523,4,-7.226,1,0.0055,0.357,0.0961,0.349,84.005,280288,4
6,6FUFVQrn1RvyydcLsL4xdJ,spotify:track:6FUFVQrn1RvyydcLsL4xdJ,0.529,0.91,9,-5.29,1,0.00419,8.8e-05,0.111,0.538,140.012,184631,4
7,1LGZYAqFUZli9lE8ZkAGvp,spotify:track:1LGZYAqFUZli9lE8ZkAGvp,0.353,0.948,0,-2.907,1,0.0439,0.0,0.11,0.087,160.107,244147,4
8,61qYmqAXyKU0wjgIwxOMUL,spotify:track:61qYmqAXyKU0wjgIwxOMUL,0.795,0.835,0,-3.869,1,0.141,0.00123,0.12,0.778,135.031,195681,4
9,2Czaw41IWZLz5JxwLueamL,spotify:track:2Czaw41IWZLz5JxwLueamL,0.246,0.693,1,-5.78,0,0.0178,0.00759,0.0695,0.117,84.989,484573,4
10,5OC8qeRYNbU03Qnthifu0n,spotify:track:5OC8qeRYNbU03Qnthifu0n,0.523,0.728,0,-7.402,1,0.000267,0.0,0.185,0.484,135.017,253107,4
11,4LQXK92qiThKntANgxd9Yz,spotify:track:4LQXK92qiThKntANgxd9Yz,0.401,0.945,2,-5.052,1,1.91e-05,0.0107,0.175,0.707,92.956,118743,4
12,5KEZKJjqy5ZTnjgXlUyrAl,spotify:track:5KEZKJjqy5ZTnjgXlUyrAl,0.559,0.949,7,-3.73,0,0.00274,1.58e-06,0.0964,0.607,140.111,190226,4
13,54f5xQWeTgoZ9T28xS3no1,spotify:track:54f5xQWeTgoZ9T28xS3no1,0.393,0.916,2,-3.038,1,0.0655,0.00019,0.432,0.758,149.938,206578,4
14,5SqHFepXDGG1IHvlkhQc8q,spotify:track:5SqHFepXDGG1IHvlkhQc8q,0.568,0.893,11,-6.576,0,0.000556,0.0113,0.213,0.28,89.022,188526,4
15,6bwh3lirkVVXAeGDSmAY6q,spotify:track:6bwh3lirkVVXAeGDSmAY6q,0.396,0.847,0,-6.208,1,0.000213,0.0,0.0844,0.39,117.127,181975,4
16,6ou443eT6aXOCxcX9Jrnee,spotify:track:6ou443eT6aXOCxcX9Jrnee,0.433,0.91,11,-5.689,1,0.000676,0.00015,0.201,0.716,177.978,152762,4
17,5FMnqUbLGqWi0Y12MCVYSN,spotify:track:5FMnqUbLGqWi0Y12MCVYSN,0.583,0.909,7,-3.525,1,0.00956,0.0,0.114,0.855,75.03,191618,4
18,6pXDM2hIRST00HzhiZ92UD,spotify:track:6pXDM2hIRST00HzhiZ92UD,0.339,0.734,10,-3.746,1,0.00176,0.0,0.41,0.673,98.094,183104,4
19,1QJguXsnk8xBaGNA4ScnRA,spotify:track:1QJguXsnk8xBaGNA4ScnRA,0.465,0.924,1,-3.989,1,2.34e-05,0.000273,0.114,0.457,104.999,193980,4
20,777fBnjDxkxeQCM9pOkTBd,spotify:track:777fBnjDxkxeQCM9pOkTBd,0.443,0.951,7,-4.122,1,0.000164,0.000129,0.0893,0.27,101.986,182569,4
21,3PqSJZ6C0M8Cn7CAJBYaz7,spotify:track:3PqSJZ6C0M8Cn7CAJBYaz7,0.491,0.751,7,-7.674,1,0.111,0.0309,0.0955,0.375,151.973,199267,4
22,6h0YQ6hAfOgpEz32vij8DI,spotify:track:6h0YQ6hAfOgpEz32vij8DI,0.307,0.719,5,-7.534,1,0.0067,0.0805,0.18,0.571,150.044,199200,4
23,3P2qlbWc2nC3h9ixSJTwH8,spotify:track:3P2qlbWc2nC3h9ixSJTwH8,0.601,0.955,5,-3.17,1,0.00662,0.000598,0.0979,0.584,155.177,137345,4
24,0I8lFIqizsT49Az0ShbeFp,spotify:track:0I8lFIqizsT49Az0ShbeFp,0.791,0.885,11,-4.644,0,0.055,0.0138,0.344,0.961,128.076,146854,4
25,0wxl1J7P9LqVDsNJKjFMvv,spotify:track:0wxl1J7P9LqVDsNJKjFMvv,0.418,0.934,0,-3.562,1,0.000474,0.00828,0.304,0.383,82.44,221533,4
26,5Osj9yoWtOyfqruJeViFmG,spotify:track:5Osj9yoWtOyfqruJeViFmG,0.434,0.971,4,-4.404,1,0.000109,0.0,0.116,0.508,104.735,252220,4
27,0XYCice34pKdrfOPSByAaw,spotify:track:0XYCice34pKdrfOPSByAaw,0.573,0.806,9,-5.159,1,0.00586,0.147,0.123,0.813,139.94,228252,4
28,5aOMpTOHYx1omSlIATG1XO,spotify:track:5aOMpTOHYx1omSlIATG1XO,0.41,0.866,2,-5.654,1,0.00257,1.83e-05,0.144,0.565,179.936,126504,4
29,2spHoHAGAQlOI3twB5QRVl,spotify:track:2spHoHAGAQlOI3twB5QRVl,0.511,0.963,2,-4.456,1,0.00402,0.0,0.489,0.868,93.511,198851,4
30,0HCDbkncaw8CJ4ZGXDGKX7,spotify:track:0HCDbkncaw8CJ4ZGXDGKX7,0.313,0.851,10,-9.074,0,0.00184,0.000272,0.28,0.25,194.401,168000,4
31,6Y1Y3z4Uwv2oTzpEbA0q4j,spotify:track:6Y1Y3z4Uwv2oTzpEbA0q4j,0.512,0.902,2,-6.223,1,0.000101,0.00139,0.323,0.814,93.016,163280,4
32,4cPz8i8j1fPJiYxu5hEzi5,spotify:track:4cPz8i8j1fPJiYxu5hEzi5,0.593,0.673,4,-9.919,1,0.0169,0.00353,0.1,0.82,136.018,247674,4
33,0Q5Bikc6bp4mcm9PFcOZNb,spotify:track:0Q5Bikc6bp4mcm9PFcOZNb,0.396,0.933,11,-5.749,0,0.000551,0.568,0.122,0.284,155.07,193424,4
34,7y96YbNfiol51Ge5V9xGbw,spotify:track:7y96YbNfiol51Ge5V9xGbw,0.624,0.922,7,-3.483,1,0.132,1.88e-05,0.167,0.65,121.99,255653,4
35,6opK17p2ZFqidUkLqlsCl4,spotify:track:6opK17p2ZFqidUkLqlsCl4,0.269,0.538,9,-7.258,1,0.26,2.91e-06,0.106,0.0691,124.009,329408,4
36,2jjAJCfs1xunbvekOZRSOI,spotify:track:2jjAJCfs1xunbvekOZRSOI,0.348,0.916,7,-4.852,0,0.00691,6.28e-05,0.147,0.44,169.913,211623,4
37,365MK5X3FgXaW7IWmNzNV5,spotify:track:365MK5X3FgXaW7IWmNzNV5,0.242,0.897,6,-4.714,0,0.0251,0.000103,0.289,0.481,84.429,174154,4
38,5ElpzPBKW5doywqLRbPh7O,spotify:track:5ElpzPBKW5doywqLRbPh7O,0.404,0.898,0,-5.507,1,0.000691,0.39,0.13,0.322,75.64,242347,4
39,0EdGdYvp8HaQOVoacOQnMS,spotify:track:0EdGdYvp8HaQOVoacOQnMS,0.48,0.844,0,-5.217,1,7.34e-05,2.54e-06,0.257,0.66,164.99,154773,4
40,0DofQePTXespQrIKQfLXuc,spotify:track:0DofQePTXespQrIKQfLXuc,0.568,0.577,11,-7.155,1,0.00027,0.0225,0.105,0.344,124.824,170005,4
41,1wjRd9NhFtwSfGRaH4VFBB,spotify:track:1wjRd9NhFtwSfGRaH4VFBB,0.461,0.78,7,-6.605,1,0.000321,0.0,0.0695,0.524,161.691,211088,4
42,5IUDQPpcD9MGMQDRDb2Fvw,spotify:track:5IUDQPpcD9MGMQDRDb2Fvw,0.445,0.885,11,-7.131,1,0.11,0.534,0.23,0.771,149.993,184202,4
43,1ow2OEydv1F9ljW62daTH5,spotify:track:1ow2OEydv1F9ljW62daTH5,0.344,0.876,1,-5.225,0,2.83e-05,0.0002,0.367,0.562,169.918,184293,4
44,2MA3xS8Jeyg4TRqTESwEwp,spotify:track:2MA3xS8Jeyg4TRqTESwEwp,0.647,0.626,11,-6.261,1,0.257,0.407,0.0886,0.96,133.968,144179,4
45,5qa2qTNUc9CZdL1APiLRaH,spotify:track:5qa2qTNUc9CZdL1APiLRaH,0.501,0.917,2,-5.278,1,0.000885,0.000304,0.078,0.354,95.015,163001,4
46,6q9RCwnXBS98HEzp33DqbY,spotify:track:6q9RCwnXBS98HEzp33DqbY,0.475,0.854,1,-5.034,1,0.00875,6.54e-05,0.097,0.209,133.04,207771,4
47,06BKn2S0alWLPcLHH0pkOe,spotify:track:06BKn2S0alWLPcLHH0pkOe,0.567,0.952,2,-5.501,1,0.00928,0.0,0.348,0.297,155.022,213309,4
48,5sRbPtGGRrkrtJdRU1p6G3,spotify:track:5sRbPtGGRrkrtJdRU1p6G3,0.713,0.651,9,-6.559,1,0.00172,0.00423,0.102,0.66,128.047,207182,4
49,2q6kjZSeB3P9mmV3W4lOlY,spotify:track:2q6kjZSeB3P9mmV3W4lOlY,0.446,0.907,0,-4.867,1,0.0284,0.00331,0.263,0.535,144.941,147580,4
50,1QdV4SR8PhomxtxKcwJ57P,spotify:track:1QdV4SR8PhomxtxKcwJ57P,0.403,0.9,7,-4.491,1,0.0922,1.27e-05,0.197,0.48,169.995,202348,4
51,7q7SE54ZYLdfBvWDtaqAVL,spotify:track:7q7SE54ZYLdfBvWDtaqAVL,0.6,0.962,9,-3.904,1,0.00577,1.03e-06,0.114,0.347,140.076,191587,4
52,1ScPq9lDin5UfkJnbOd0M4,spotify:track:1ScPq9lDin5UfkJnbOd0M4,0.534,0.903,9,-3.443,0,0.00116,0.0,0.19,0.87,143.901,198958,4
53,4SgXWK4j9rKd1gVk1Ul0WY,spotify:track:4SgXWK4j9rKd1gVk1Ul0WY,0.519,0.868,2,-4.147,1,7.81e-05,0.00291,0.0667,0.89,162.008,180387,4
54,1gVe7hDguYKZyeUjdyuOsK,spotify:track:1gVe7hDguYKZyeUjdyuOsK,0.448,0.586,11,-6.062,1,0.0697,0.0,0.231,0.375,187.967,199449,4
55,0e8H6wIJ5o7OoSMGH9I2iL,spotify:track:0e8H6wIJ5o7OoSMGH9I2iL,0.533,0.877,4,-4.043,1,0.000674,0.0,0.376,0.433,92.509,141024,4
56,5hBJWe70D97dTK6EDdS9sP,spotify:track:5hBJWe70D97dTK6EDdS9sP,0.472,0.926,11,-5.666,0,0.0282,0.00507,0.241,0.45,154.9,223699,4
57,4apfAbVAi8AtDgc77naDNq,spotify:track:4apfAbVAi8AtDgc77naDNq,0.349,0.922,7,-4.038,1,0.00617,0.059,0.283,0.467,150.002,169453,4
58,0Aotvy8CxQXOc8FlXEoPBt,spotify:track:0Aotvy8CxQXOc8FlXEoPBt,0.592,0.709,11,-4.319,1,0.216,0.00262,0.186,0.571,109.005,166528,4
59,1v9VKI3Xikbei4lyaqzSGA,spotify:track:1v9VKI3Xikbei4lyaqzSGA,0.371,0.786,4,-4.5,0,0.00011,0.00264,0.11,0.501,90.658,182013,4
60,0wqtlNXoCnQLD8xTCJCJf1,spotify:track:0wqtlNXoCnQLD8xTCJCJf1,0.658,0.935,11,-3.414,0,0.00211,0.000175,0.216,0.572,168.018,171429,4
61,40O5fHVDXbesbgnNOyJdy7,spotify:track:40O5fHVDXbesbgnNOyJdy7,0.557,0.756,2,-4.394,1,0.0345,0.0,0.178,0.54,92.634,123310,4
62,6VsaC41vcwH8AczuZZZERO,spotify:track:6VsaC41vcwH8AczuZZZERO,0.419,0.875,11,-3.645,0,0.000681,3e-05,0.791,0.65,159.847,125040,4
63,1aDeaDooAd79p2sdImGG4a,spotify:track:1aDeaDooAd79p2sdImGG4a,0.332,0.683,7,-6.493,1,0.0763,0.264,0.164,0.252,139.181,462013,3
64,4OP27AFFqUJ8de27sOIIku,spotify:track:4OP27AFFqUJ8de27sOIIku,0.27,0.966,0,-3.773,1,2.4e-05,0.0,0.267,0.722,184.835,197853,4
65,7J0niAY0FLzGiCVJUREl88,spotify:track:7J0niAY0FLzGiCVJUREl88,0.702,0.804,2,-10.086,1,0.121,0.0231,0.0294,0.961,121.999,210840,4
66,1N3wsfRTJrzibsiMyJo4e0,spotify:track:1N3wsfRTJrzibsiMyJo4e0,0.481,0.888,0,-5.254,1,0.000863,0.0177,0.117,0.465,92.98,370773,4
67,1eHr7GbGrNMIb01YUwLdku,spotify:track:1eHr7GbGrNMIb01YUwLdku,0.682,0.846,0,-5.119,1,0.018,0.0,0.0957,0.423,129.993,229833,4
68,2utHyBwLp3ONsYUkGoWoPw,spotify:track:2utHyBwLp3ONsYUkGoWoPw,0.548,0.632,5,-7.372,1,0.0302,1.76e-05,0.0745,0.664,169.737,252874,4
69,10706ilBOvqVSOAbUoxean,spotify:track:10706ilBOvqVSOAbUoxean,0.554,0.844,0,-6.103,1,0.0337,1.71e-06,0.069,0.618,167.991,289627,4
70,5aWREznXDTWJ046mUoT162,spotify:track:5aWREznXDTWJ046mUoT162,0.554,0.784,6,-7.591,1,0.199,1.24e-05,0.084,0.689,167.386,239259,4
71,77T7LBWBGqm4HBjyKeka17,spotify:track:77T7LBWBGqm4HBjyKeka17,0.644,0.655,9,-8.326,1,0.262,0.0,0.156,0.598,100.044,230926,4
72,29OKK8URiORBpRsimvzsmm,spotify:track:29OKK8URiORBpRsimvzsmm,0.71,0.855,9,-10.999,0,0.126,1.53e-06,0.198,0.875,136.149,237000,4
73,5cjEWYDWMXlTZr8Rehu2bl,spotify:track:5cjEWYDWMXlTZr8Rehu2bl,0.653,0.913,7,-3.536,1,0.123,0.0,0.0803,0.898,82.636,217093,4
74,0GQQd4DqtnNxvyi99e1Zxn,spotify:track:0GQQd4DqtnNxvyi99e1Zxn,0.643,0.841,9,-6.173,1,0.0145,0.0,0.181,0.761,145.998,200582,4
75,5nEbSbGi12XatVVjeoTUU8,spotify:track:5nEbSbGi12XatVVjeoTUU8,0.655,0.431,9,-9.964,1,0.444,0.00181,0.155,0.419,104.938,480743,3
76,7BYqVvoXpQFhs4jJ0qqNZt,spotify:track:7BYqVvoXpQFhs4jJ0qqNZt,0.458,0.746,11,-9.444,0,0.0351,0.0,0.172,0.511,166.095,368320,4
77,16taQAqrrfqCwbkbKFr2OH,spotify:track:16taQAqrrfqCwbkbKFr2OH,0.437,0.855,1,-5.172,1,0.0568,0.254,0.0429,0.584,189.856,267186,4
78,3EPd9riN2R8Zjl6GkrxxGl,spotify:track:3EPd9riN2R8Zjl6GkrxxGl,0.457,0.904,7,-4.67,1,0.015,5.01e-05,0.2,0.237,171.633,250093,4
79,24w139jhWNnuQjnlhlzLvi,spotify:track:24w139jhWNnuQjnlhlzLvi,0.716,0.879,5,-6.179,0,0.0454,0.0,0.243,0.905,126.368,242267,4
80,46Yp4JsZIh8ceg5WBqW1ZB,spotify:track:46Yp4JsZIh8ceg5WBqW1ZB,0.557,0.857,2,-3.809,1,0.00531,0.0,0.115,0.647,95.025,208840,4
81,3fxQJW5rLyisJB1tnbiLUK,spotify:track:3fxQJW5rLyisJB1tnbiLUK,0.382,0.931,9,-4.445,1,0.0678,0.0,0.0866,0.559,83.366,265743,4
82,4chpfrjIqrOPshlDU4ZrKe,spotify:track:4chpfrjIqrOPshlDU4ZrKe,0.674,0.854,7,-4.337,1,0.0579,0.00041,0.0735,0.684,127.295,208027,4
83,3AR1c3Dssq51WlGGkuYJNj,spotify:track:3AR1c3Dssq51WlGGkuYJNj,0.818,0.723,7,-6.702,0,0.528,0.000591,0.0905,0.748,98.049,288053,4
84,7dT87SEGdcOKdDARXLcgwZ,spotify:track:7dT87SEGdcOKdDARXLcgwZ,0.316,0.516,10,-7.107,1,0.0559,3.4e-06,0.0998,0.484,73.357,245964,4
85,6vYVTjrP8Nd6nsdjCrabM5,spotify:track:6vYVTjrP8Nd6nsdjCrabM5,0.533,0.743,10,-5.861,1,0.0056,5.71e-06,0.0894,0.518,75.179,226626,4
86,44ahXdBHEvQEd65HGx2jGd,spotify:track:44ahXdBHEvQEd65HGx2jGd,0.616,0.855,1,-5.089,1,0.0363,7.33e-06,0.115,0.687,109.156,178910,4
87,6212NqCTqhlXD1lliUMbbT,spotify:track:6212NqCTqhlXD1lliUMbbT,0.695,0.545,7,-5.43,1,0.118,0.0,0.0937,0.5,131.965,195659,4
88,7tWHQ6cmZ1Li3g1OdlHWz1,spotify:track:7tWHQ6cmZ1Li3g1OdlHWz1,0.608,0.883,9,-3.994,1,0.00691,0.00546,0.135,0.674,130.023,299978,4
89,4lpA2O8BwukysKGtUyMVtn,spotify:track:4lpA2O8BwukysKGtUyMVtn,0.463,0.964,2,-2.699,1,0.0226,1.85e-05,0.0477,0.844,151.667,190013,4
90,6u9GgwXbMs5jJlA29zGHu5,spotify:track:6u9GgwXbMs5jJlA29zGHu5,0.316,0.958,4,-4.521,0,0.0176,4.24e-05,1.0,0.725,176.547,288147,4
91,6kNYjCKdEqYEdHAbxV5v5K,spotify:track:6kNYjCKdEqYEdHAbxV5v5K,0.542,0.881,10,-3.559,0,0.0064,0.000111,0.359,0.765,166.835,188000,4
92,307jZeOmkkd7mKc7wgFglj,spotify:track:307jZeOmkkd7mKc7wgFglj,0.458,0.907,7,-4.349,1,0.0136,4.78e-06,0.182,0.879,169.752,223240,4
93,4UtREbGYnd1nZLckEb5y8J,spotify:track:4UtREbGYnd1nZLckEb5y8J,0.649,0.9,7,-4.135,1,0.146,0.0,0.694,0.86,123.978,263680,4
94,1p7m9H4H8s0Y7SgRm7j3ED,spotify:track:1p7m9H4H8s0Y7SgRm7j3ED,0.739,0.745,7,-6.658,1,0.21,0.0135,0.127,0.949,109.326,277653,4
95,4KpD9a1NviySqJHWjwSYGq,spotify:track:4KpD9a1NviySqJHWjwSYGq,0.462,0.882,2,-6.807,1,0.0497,0.0434,0.0915,0.319,159.975,176250,4
96,5YHKrFUEX8aQJRPCS1Yl9W,spotify:track:5YHKrFUEX8aQJRPCS1Yl9W,0.643,0.532,6,-7.559,0,0.00486,8.18e-06,0.0802,0.927,100.041,230360,4
97,6KBgTCipUwiimLNCSal4FZ,spotify:track:6KBgTCipUwiimLNCSal4FZ,0.597,0.89,9,-3.703,1,0.00632,0.0,0.341,0.505,104.005,240815,4
98,2y7b6A4hhl3ysYlU2kztGD,spotify:track:2y7b6A4hhl3ysYlU2kztGD,0.264,0.875,9,-3.222,1,0.00208,0.00771,0.176,0.403,64.319,206227,4
99,4tzi4VV1vCTZsT4SEKQIKJ,spotify:track:4tzi4VV1vCTZsT4SEKQIKJ,0.524,0.776,5,-6.193,0,0.033,2.16e-05,0.147,0.301,123.622,234280,4
100,2eQLmqehSPKcpW0UK9HCJt,spotify:track:2eQLmqehSPKcpW0UK9HCJt,0.402,0.523,9,-6.531,0,0.399,0.000154,0.114,0.191,115.876,232530,3
101,42d7EvPwcbd5vCd9RC3Dae,spotify:track:42d7EvPwcbd5vCd9RC3Dae,0.54,0.578,2,-7.519,1,0.455,0.00515,0.0819,0.884,116.598,249057,4
102,6RtafXemW33TLBa2y63HBO,spotify:track:6RtafXemW33TLBa2y63HBO,0.62,0.772,4,-7.417,1,0.0416,0.0,0.0971,0.662,116.101,188086,4
103,2MgIaPj0sYk1XS4CjXxgAz,spotify:track:2MgIaPj0sYk1XS4CjXxgAz,0.494,0.935,8,-2.041,1,0.0145,9.13e-06,0.147,0.773,155.0,182347,4
104,0UY0JLj9kxOlgF6FHogCmX,spotify:track:0UY0JLj9kxOlgF6FHogCmX,0.591,0.813,9,-9.205,0,0.187,1.82e-05,0.372,0.818,128.698,174973,4
105,36PL1fiYUnX7pJQRY1qwVw,spotify:track:36PL1fiYUnX7pJQRY1qwVw,0.492,0.792,4,-4.786,1,0.0919,0.0,0.239,0.68,132.677,185933,4
106,0rEZBTkZP2Q3c8upkx2WPf,spotify:track:0rEZBTkZP2Q3c8upkx2WPf,0.51,0.688,9,-9.785,0,0.0171,8.27e-05,0.891,0.302,109.91,329491,4
107,4kYdaN5ECfrCPPuUUiCiTr,spotify:track:4kYdaN5ECfrCPPuUUiCiTr,0.658,0.703,0,-8.801,1,0.249,0.288,0.0821,0.845,114.183,247401,4
108,0EzVGEyUB9HAXT1cQHwhqf,spotify:track:0EzVGEyUB9HAXT1cQHwhqf,0.487,0.914,4,-5.726,1,0.194,1.95e-06,0.0826,0.658,133.117,192107,4
109,2nL8UGrQoCfbZTtWfmmoqe,spotify:track:2nL8UGrQoCfbZTtWfmmoqe,0.547,0.821,2,-6.856,0,0.0739,0.0285,0.0453,0.766,146.992,238427,4
110,7wrcBkeoO6zXglCUrmwqqy,spotify:track:7wrcBkeoO6zXglCUrmwqqy,0.516,0.837,2,-8.185,0,0.177,2.41e-06,0.0681,0.618,93.815,206427,4
111,1EBPP4vUNTWH27DVvV0zEh,spotify:track:1EBPP4vUNTWH27DVvV0zEh,0.61,0.582,11,-7.421,0,0.0624,0.00029,0.059,0.676,129.999,197070,4
112,2r9fFdXv8faSKfuaEmWNlI,spotify:track:2r9fFdXv8faSKfuaEmWNlI,0.532,0.574,10,-10.298,1,0.183,5.19e-05,0.157,0.133,94.95,275737,4
113,7JthbNMW9fMTkzn8v83Ldd,spotify:track:7JthbNMW9fMTkzn8v83Ldd,0.557,0.846,9,-4.365,1,0.00949,0.000649,0.0555,0.677,121.866,205957,4
114,0NFcUhw2uKzX0zqH81tWOu,spotify:track:0NFcUhw2uKzX0zqH81tWOu,0.555,0.892,4,-10.664,0,0.26,0.000177,0.13,0.87,138.163,275027,4
115,4Dk3DIm5zr8bICCyTdSr9m,spotify:track:4Dk3DIm5zr8bICCyTdSr9m,0.804,0.392,11,-5.219,0,0.00981,1.63e-05,0.0575,0.895,161.878,191027,4
116,6Xueg8DmwhkU4xf0Q3xlWN,spotify:track:6Xueg8DmwhkU4xf0Q3xlWN,0.424,0.915,9,-5.684,1,5.55e-05,5.56e-05,0.346,0.584,168.38,245440,4
117,5Srks36XWpQoF47EYF7ExI,spotify:track:5Srks36XWpQoF47EYF7ExI,0.599,0.497,4,-11.172,0,0.105,0.00257,0.111,0.618,157.989,232000,4
118,2NGiLDSvs8OrETbUHzqNct,spotify:track:2NGiLDSvs8OrETbUHzqNct,0.227,0.701,6,-4.186,1,0.0074,0.0,0.109,0.517,199.202,343000,4
119,2A3WfAbX9KHMQhewdpUiok,spotify:track:2A3WfAbX9KHMQhewdpUiok,0.424,0.684,7,-5.782,0,0.349,0.0639,0.0993,0.241,103.367,263506,4
120,45CZzSaBBLqghpO6fuO4X3,spotify:track:45CZzSaBBLqghpO6fuO4X3,0.73,0.957,0,-4.246,1,0.055,1.04e-05,0.32,0.943,146.95,231520,4
121,5xEQItoulehU1apBfxqkM1,spotify:track:5xEQItoulehU1apBfxqkM1,0.397,0.784,4,-6.512,1,0.000503,0.00193,0.0865,0.24,176.046,262627,4
122,0zfpsE8nDVSZd94KbHBCGN,spotify:track:0zfpsE8nDVSZd94KbHBCGN,0.51,0.821,9,-5.847,1,0.00126,0.0,0.0961,0.512,119.912,260011,4
123,5BYG5PsbPY8dYyXczRoSPX,spotify:track:5BYG5PsbPY8dYyXczRoSPX,0.607,0.785,7,-5.765,1,0.401,0.00566,0.202,0.527,147.073,217900,4
124,6olopCEGYHL8U7jMRWBnJJ,spotify:track:6olopCEGYHL8U7jMRWBnJJ,0.627,0.676,9,-6.382,1,0.317,1.45e-05,0.187,0.702,85.757,211173,4
125,2CEDonzkAIXcNpXKXfcq57,spotify:track:2CEDonzkAIXcNpXKXfcq57,0.317,0.968,10,-5.242,1,0.0014,0.000208,0.964,0.39,143.505,249791,4
126,1SWpocVhAsrIzBgrkht2HD,spotify:track:1SWpocVhAsrIzBgrkht2HD,0.666,0.752,9,-6.095,1,0.0512,0.0,0.104,0.774,115.002,226813,4
127,2jGfKzi1RvbkAyffbDyESE,spotify:track:2jGfKzi1RvbkAyffbDyESE,0.445,0.908,11,-2.249,1,0.000185,0.0,0.206,0.314,76.61,294200,4
128,7hlytak131AgmPYe8JsYws,spotify:track:7hlytak131AgmPYe8JsYws,0.61,0.747,2,-4.417,1,0.101,5.08e-06,0.325,0.758,137.464,188893,4
129,0FJBWXOa9tYcJCxv1YxP9H,spotify:track:0FJBWXOa9tYcJCxv1YxP9H,0.537,0.971,2,-4.72,1,0.0186,0.0507,0.186,0.28,74.969,245533,4
130,0L35y8Hfp1GdXXl2LRB6fA,spotify:track:0L35y8Hfp1GdXXl2LRB6fA,0.657,0.8,4,-6.21,0,0.0111,0.0169,0.152,0.526,106.016,228671,4
131,6vxMc5SYWEGgytAujpabyO,spotify:track:6vxMc5SYWEGgytAujpabyO,0.491,0.988,11,-5.331,1,0.00216,0.0,0.0624,0.835,179.951,186679,4
132,4xiurhZRjGKfLErLidLtAc,spotify:track:4xiurhZRjGKfLErLidLtAc,0.419,0.973,4,-3.291,0,1.04e-05,0.977,0.138,0.368,84.978,225882,4
133,2memhAP82Fcy1IoZ5oTNkU,spotify:track:2memhAP82Fcy1IoZ5oTNkU,0.791,0.535,1,-5.979,0,0.186,3.07e-05,0.136,0.594,109.99,130920,4
134,5Nnn6KwDT912ogweLzNoBh,spotify:track:5Nnn6KwDT912ogweLzNoBh,0.56,0.518,9,-9.82,0,0.46,2.79e-05,0.26,0.624,130.069,218981,4
135,0iJYSSQkLUr1fIR4NLN1xy,spotify:track:0iJYSSQkLUr1fIR4NLN1xy,0.451,0.913,6,-6.432,1,2.15e-05,0.0,0.354,0.365,108.051,209998,4
136,2TAj0MwQafWPv3uEV7dvmu,spotify:track:2TAj0MwQafWPv3uEV7dvmu,0.335,0.94,2,-4.681,1,0.00029,0.0124,0.32,0.525,175.86,226929,4
137,7LbYvN7RsxZzzmsYQaILwT,spotify:track:7LbYvN7RsxZzzmsYQaILwT,0.629,0.785,9,-6.16,1,0.0404,1.21e-05,0.0832,0.783,134.109,192814,4
138,45MFIpclaR5WgvjhgCgqOA,spotify:track:45MFIpclaR5WgvjhgCgqOA,0.552,0.798,1,-7.147,0,0.029,0.000229,0.102,0.429,139.927,199293,4
139,31eu3LrKlJgM3oyD86k3mQ,spotify:track:31eu3LrKlJgM3oyD86k3mQ,0.541,0.385,5,-11.03,1,0.927,0.000231,0.137,0.327,98.03,258367,4
140,5Rh4YmBEMgQgHFX5HQGK1G,spotify:track:5Rh4YmBEMgQgHFX5HQGK1G,0.627,0.256,7,-13.042,1,0.776,0.000421,0.11,0.131,120.071,304500,3
141,3Zwe5wj6AYSXPOmPwPuUEj,spotify:track:3Zwe5wj6AYSXPOmPwPuUEj,0.379,0.891,7,-4.782,1,0.102,1.27e-05,0.112,0.21,181.69,192857,4
142,6kHJesJlHqZVwSLhOtuiQv,spotify:track:6kHJesJlHqZVwSLhOtuiQv,0.598,0.883,6,-5.97,1,0.00288,0.0,0.425,0.64,92.124,194674,4
143,6q7N79IG2RG5kt3kO2jQAh,spotify:track:6q7N79IG2RG5kt3kO2jQAh,0.539,0.838,1,-6.214,0,0.00163,6.37e-05,0.166,0.309,97.519,251385,4
144,0u2PJnayBtXvA0aJVOLFNh,spotify:track:0u2PJnayBtXvA0aJVOLFNh,0.431,0.894,7,-4.223,1,0.00305,0.0,0.326,0.823,106.233,131694,4
145,5BYufcS9nQr1qtzzgLjc69,spotify:track:5BYufcS9nQr1qtzzgLjc69,0.62,0.913,4,-3.602,1,0.0184,0.0,0.137,0.697,143.993,181370,4
146,6YYhdzZmiuR7TwZKTMyEOY,spotify:track:6YYhdzZmiuR7TwZKTMyEOY,0.663,0.824,7,-3.988,1,0.0179,0.0581,0.0628,0.724,135.031,250000,4
147,5AR1ItWPKnxWdSduGYhvMw,spotify:track:5AR1ItWPKnxWdSduGYhvMw,0.591,0.895,4,-4.846,1,0.0861,0.0,0.18,0.722,119.994,279061,4
148,3CNfNwWRnHv0AC9KEJzBDZ,spotify:track:3CNfNwWRnHv0AC9KEJzBDZ,0.39,0.727,1,-4.933,1,0.00405,0.0,0.336,0.402,159.941,153904,4
149,78INCh0IZzEjubLUTYBWjs,spotify:track:78INCh0IZzEjubLUTYBWjs,0.629,0.842,1,-6.64,1,0.0172,3.93e-05,0.0739,0.719,120.012,352296,4
150,3eLBqMeWFMs3mkJM1mP135,spotify:track:3eLBqMeWFMs3mkJM1mP135,0.448,0.577,0,-8.937,1,0.233,0.0131,0.222,0.65,172.874,166016,4
151,1xwEdlLgO0hORdlazOzLOr,spotify:track:1xwEdlLgO0hORdlazOzLOr,0.501,0.65,9,-5.844,0,0.00173,0.515,0.397,0.695,107.528,197893,4
152,0NeQY4wc4fCGkRUMPuA3wM,spotify:track:0NeQY4wc4fCGkRUMPuA3wM,0.568,0.806,6,-5.012,0,0.00123,0.000257,0.0275,0.89,164.931,155676,4
153,0A1BThsp9dNz1s5gdCddmv,spotify:track:0A1BThsp9dNz1s5gdCddmv,0.523,0.68,9,-7.892,1,0.00315,0.0571,0.132,0.346,129.999,229045,4
154,3Syzg1YcZtlafx4hTtNrLu,spotify:track:3Syzg1YcZtlafx4hTtNrLu,0.442,0.948,11,-6.205,0,0.000198,0.00969,0.536,0.292,117.37,47013,3
155,6szO2g1OLR46cYpzFuEfic,spotify:track:6szO2g1OLR46cYpzFuEfic,0.513,0.922,0,-4.137,1,0.000107,0.000454,0.375,0.381,108.494,251826,4
156,3Om1ilzayuhIOlXYzswN7r,spotify:track:3Om1ilzayuhIOlXYzswN7r,0.251,0.859,11,-5.777,0,0.000144,0.0,0.229,0.276,170.098,219677,4
157,6rzH9MLXGniXc1oAd2kaTS,spotify:track:6rzH9MLXGniXc1oAd2kaTS,0.813,0.54,11,-6.649,0,0.534,0.112,0.0939,0.852,124.998,198670,4
158,5w4pPQbuBmMPGil1gwIOtX,spotify:track:5w4pPQbuBmMPGil1gwIOtX,0.478,0.391,9,-8.519,1,0.489,0.00334,0.149,0.441,102.018,210333,3
159,2upHYVNdcEuk7pnTPsPfDN,spotify:track:2upHYVNdcEuk7pnTPsPfDN,0.574,0.892,7,-4.131,1,0.000275,0.000479,0.0762,0.678,159.964,211883,4
160,1KUM4xjiOvx5u9bySqbWsp,spotify:track:1KUM4xjiOvx5u9bySqbWsp,0.648,0.8,6,-2.864,1,0.00133,0.0,0.104,0.586,151.766,188515,4
161,2tunprqnsQiGMmzZh2Lq5q,spotify:track:2tunprqnsQiGMmzZh2Lq5q,0.463,0.97,9,-4.589,0,0.00822,0.204,0.146,0.959,162.01,248371,4
162,2AGqxfO9ntcFchP948COjf,spotify:track:2AGqxfO9ntcFchP948COjf,0.587,0.597,7,-6.212,1,0.166,0.000528,0.107,0.416,132.108,203142,4
163,31w2sr0vNDvNWsNW6cf4zG,spotify:track:31w2sr0vNDvNWsNW6cf4zG,0.626,0.652,11,-8.079,0,0.355,0.0664,0.0945,0.322,124.04,241000,4
164,1pkgeGfCOJr94hrQHE5C7Y,spotify:track:1pkgeGfCOJr94hrQHE5C7Y,0.448,0.973,8,-3.229,1,0.000127,0.84,0.341,0.68,93.027,215033,4
165,3gMjLlyj7e6mMUdTmGuDNP,spotify:track:3gMjLlyj7e6mMUdTmGuDNP,0.272,0.54,4,-8.842,1,0.0207,0.648,0.0904,0.268,130.376,326653,4
166,0YMI7i8V5BpVJPnuZMDzhB,spotify:track:0YMI7i8V5BpVJPnuZMDzhB,0.643,0.664,7,-8.381,1,0.0109,2.46e-06,0.36,0.201,118.961,227899,4
167,2pXZPQm9oWForOgkbUQRg5,spotify:track:2pXZPQm9oWForOgkbUQRg5,0.49,0.69,2,-3.328,1,0.0155,1.54e-05,0.165,0.179,79.989,176981,4
168,23T2c9QnEWy9PvkeDLhHRS,spotify:track:23T2c9QnEWy9PvkeDLhHRS,0.464,0.916,11,-1.538,0,0.00634,7.85e-06,0.356,0.462,107.994,175190,4
169,6eUWC6rP8Rcd9TfpjCbEJG,spotify:track:6eUWC6rP8Rcd9TfpjCbEJG,0.514,0.914,2,-6.028,1,9.45e-06,0.307,0.0893,0.395,134.978,321102,4
170,20xfgpCbTJBDjrTFh916Av,spotify:track:20xfgpCbTJBDjrTFh916Av,0.479,0.749,11,-5.858,0,0.00453,1.15e-05,0.113,0.575,122.057,227308,4
171,7oZn1w8pspTBu7Bps6WRfj,spotify:track:7oZn1w8pspTBu7Bps6WRfj,0.531,0.98,6,-2.42,0,0.00204,0.0,0.0681,0.513,75.002,183000,4
172,3FeKBTZ7knSCHkQSmHjPQu,spotify:track:3FeKBTZ7knSCHkQSmHjPQu,0.186,0.868,1,-4.395,1,0.00101,0.0601,0.108,0.364,104.017,320016,4
173,2MFdVzNvUHTmrORjmBnycc,spotify:track:2MFdVzNvUHTmrORjmBnycc,0.517,0.963,11,-3.01,1,0.00196,1.75e-05,0.316,0.337,89.863,169400,4
174,2ZdqMML5cHLInZe5TgScPR,spotify:track:2ZdqMML5cHLInZe5TgScPR,0.458,0.976,0,-1.858,1,5.05e-06,0.0926,0.705,0.744,140.957,146999,4
175,1h0YsYLA7gMlfnR51VDYg3,spotify:track:1h0YsYLA7gMlfnR51VDYg3,0.386,0.835,4,-9.594,1,0.000615,0.774,0.278,0.493,149.947,148811,3
176,14rjxUlB3cztgcCXWOYg4j,spotify:track:14rjxUlB3cztgcCXWOYg4j,0.585,0.518,6,-6.726,1,0.000875,3.77e-05,0.114,0.334,117.962,145058,4
177,4rWWNbsiorGPfSb7B4c8sy,spotify:track:4rWWNbsiorGPfSb7B4c8sy,0.379,0.704,4,-7.385,1,0.00354,0.898,0.108,0.075,120.154,195968,4
178,6leXbezOWAJVyCveOLAwuU,spotify:track:6leXbezOWAJVyCveOLAwuU,0.189,0.657,4,-6.456,0,5.29e-06,0.88,0.181,0.217,143.099,213050,4
179,02DLCwqe2a5o6n9ZfQKHuR,spotify:track:02DLCwqe2a5o6n9ZfQKHuR,0.305,0.919,5,-5.636,1,0.00025,0.64,0.168,0.166,184.083,240685,4
180,4nLZhCmYLNN4rAHdXomhjp,spotify:track:4nLZhCmYLNN4rAHdXomhjp,0.265,0.931,3,-4.347,1,0.48,0.0,0.104,0.394,104.158,316137,4
181,49p6Jr3v4lrHxoUa7XnMN5,spotify:track:49p6Jr3v4lrHxoUa7XnMN5,0.458,0.595,4,-8.136,0,0.304,0.00825,0.725,0.64,160.021,200245,4
182,6HUoEDzOcsT6d8mbY8CsJw,spotify:track:6HUoEDzOcsT6d8mbY8CsJw,0.172,0.972,4,-4.197,0,2.04e-06,0.0,0.378,0.175,84.236,225020,4
183,6EjZit4QDFVBdr8FZgb0bO,spotify:track:6EjZit4QDFVBdr8FZgb0bO,0.641,0.383,7,-8.628,1,0.0327,0.0,0.229,0.36,99.983,217500,4
184,3XlwjE2LirLsLqU23DjWzz,spotify:track:3XlwjE2LirLsLqU23DjWzz,0.517,0.978,2,-2.169,1,3.04e-05,0.000361,0.0916,0.402,92.016,210696,4
185,0l9GXpgaE7lBxl29G68Lfu,spotify:track:0l9GXpgaE7lBxl29G68Lfu,0.521,0.574,9,-10.76,1,0.000175,0.476,0.432,0.407,127.002,244507,3
186,1YSFMW5oCJYlK7oLNd0Dz8,spotify:track:1YSFMW5oCJYlK7oLNd0Dz8,0.554,0.962,2,-2.5,1,0.0235,0.0,0.35,0.635,109.983,166397,4
187,3cKzR9JsCTJX2kef36ufd4,spotify:track:3cKzR9JsCTJX2kef36ufd4,0.505,0.758,3,-7.749,0,0.0489,4.51e-06,0.177,0.413,81.487,216454,4
188,2b1RJR53wPOn3ociXFYBn6,spotify:track:2b1RJR53wPOn3ociXFYBn6,0.395,0.902,11,-3.245,0,6.72e-05,0.00131,0.105,0.55,148.184,194674,4
189,0vMtRJwmXQUy61OwbyJfoS,spotify:track:0vMtRJwmXQUy61OwbyJfoS,0.19,0.654,11,-10.695,0,0.0102,0.462,0.163,0.096,141.421,256760,4
190,28ADMB8lDaq3ixjwNQOejC,spotify:track:28ADMB8lDaq3ixjwNQOejC,0.632,0.821,2,-6.524,1,0.00136,4.14e-05,0.109,0.521,97.041,164879,3
191,5Y5icILNxEhDMMBT2C2eZe,spotify:track:5Y5icILNxEhDMMBT2C2eZe,0.533,0.839,11,-7.3,1,0.0564,0.00273,0.4,0.626,89.981,214917,4
192,7sEDFfSn2m88Clrjq8V8Sv,spotify:track:7sEDFfSn2m88Clrjq8V8Sv,0.423,0.889,0,-4.868,0,0.000855,5.39e-06,0.0905,0.432,75.018,217915,4
193,45dfCQFmGcGn1cNTkukKe3,spotify:track:45dfCQFmGcGn1cNTkukKe3,0.58,0.913,11,-4.898,0,0.00205,0.000193,0.336,0.969,159.076,113410,4
194,6F8AEePLzzk6Zd6lxpc7Jy,spotify:track:6F8AEePLzzk6Zd6lxpc7Jy,0.626,0.429,5,-5.758,1,0.342,0.0,0.164,0.515,149.687,129600,4
195,6oL5h3MEzV1iouU0bX5SsS,spotify:track:6oL5h3MEzV1iouU0bX5SsS,0.579,0.616,2,-9.171,1,0.17,0.744,0.104,0.699,124.673,176000,4
196,3B2EUVacB1CXnPAAK8OgSU,spotify:track:3B2EUVacB1CXnPAAK8OgSU,0.44,0.843,0,-9.101,1,0.000507,0.00302,0.274,0.589,139.99,338213,4
197,3ge4mUDuQFneD2ykjguj3D,spotify:track:3ge4mUDuQFneD2ykjguj3D,0.457,0.938,10,-3.204,0,0.000276,5.77e-05,0.502,0.619,135.002,175000,4
198,0MQtMtaxoXE5ybt6pOgqnw,spotify:track:0MQtMtaxoXE5ybt6pOgqnw,0.539,0.852,10,-7.618,1,0.0051,0.0228,0.0744,0.654,85.007,213000,4
199,7qsCOBgSNp8SOOV9UfHnJD,spotify:track:7qsCOBgSNp8SOOV9UfHnJD,0.383,0.983,2,-4.182,1,0.00237,0.0,0.261,0.486,158.041,168228,4
200,1o9cwnsgKXaYUplrvyxe63,spotify:track:1o9cwnsgKXaYUplrvyxe63,0.341,0.843,5,-4.481,0,0.00579,0.00234,0.166,0.458,75.443,183733,4
201,2WGz9YZ3KDBRwQ4W7L7gl8,spotify:track:2WGz9YZ3KDBRwQ4W7L7gl8,0.522,0.95,0,-6.067,1,0.000113,0.0128,0.359,0.706,139.971,214304,4
202,4PQedJRYOJzawA0haqr2s9,spotify:track:4PQedJRYOJzawA0haqr2s9,0.308,0.948,7,-5.395,1,0.0394,3.88e-05,0.214,0.197,170.014,221420,4
203,39Lwc0RPO0H9Mx5gAQAsD3,spotify:track:39Lwc0RPO0H9Mx5gAQAsD3,0.436,0.932,5,-5.079,0,0.00257,0.224,0.407,0.482,139.441,210712,4
204,3ryNtDrnv2DOgdQAI3EUOA,spotify:track:3ryNtDrnv2DOgdQAI3EUOA,0.542,0.84,2,-7.972,1,0.00806,0.173,0.193,0.541,119.918,157040,4
205,5kTRd8PbbqbrRvNqKDzpSc,spotify:track:5kTRd8PbbqbrRvNqKDzpSc,0.44,0.884,6,-5.224,0,0.0305,0.00751,0.147,0.556,156.367,346272,4
206,46BIkntVmeG382rIo93J3d,spotify:track:46BIkntVmeG382rIo93J3d,0.638,0.94,4,-5.194,0,0.0484,0.284,0.142,0.411,168.909,150909,4
207,0LAlvWPXtED1fMdqIzbYmj,spotify:track:0LAlvWPXtED1fMdqIzbYmj,0.589,0.656,2,-7.13,1,0.239,0.00242,0.171,0.473,100.0,273373,4
208,30xRRfyJazAo1MVFlqHziG,spotify:track:30xRRfyJazAo1MVFlqHziG,0.429,0.906,6,-4.671,1,0.000394,7.79e-05,0.337,0.508,167.933,219286,4
209,2nlQUnSbIOZuJi96xxrSL6,spotify:track:2nlQUnSbIOZuJi96xxrSL6,0.622,0.872,7,-6.497,1,0.00472,5.43e-06,0.18,0.616,165.93,236269,4
210,4SzwZsoMxuuVMX2rsd10zr,spotify:track:4SzwZsoMxuuVMX2rsd10zr,0.461,0.933,6,-4.32,1,0.00522,0.0,0.158,0.415,95.542,207718,4
211,1Fu20YZ9zjaqyrGczvY8g6,spotify:track:1Fu20YZ9zjaqyrGczvY8g6,0.414,0.929,8,-4.935,0,0.000436,0.0087,0.111,0.467,114.882,223565,4
212,5V0IxQt4rhnbYKMkIWEiV7,spotify:track:5V0IxQt4rhnbYKMkIWEiV7,0.403,0.616,9,-3.933,1,2.32e-05,0.729,0.0925,0.181,98.027,172454,4
213,1aXz4pPYlrcOe4FrsB4uJQ,spotify:track:1aXz4pPYlrcOe4FrsB4uJQ,0.511,0.96,10,-4.15,1,0.000137,0.0167,0.233,0.311,145.025,234217,4
214,7w1rxkbVyMeMwXypW5WUes,spotify:track:7w1rxkbVyMeMwXypW5WUes,0.471,0.741,4,-7.7,1,0.0156,0.0,0.183,0.399,130.046,214154,4
215,6UuBstrUsBQiGihV4kOmpI,spotify:track:6UuBstrUsBQiGihV4kOmpI,0.214,0.759,6,-5.203,1,6.12e-06,0.714,0.276,0.447,182.964,127872,3
216,41lh9CV3WDJTEUuqZvxVUz,spotify:track:41lh9CV3WDJTEUuqZvxVUz,0.432,0.718,9,-10.351,1,0.000305,0.809,0.168,0.285,76.005,243276,4
217,2PnlsTsOTLE5jnBnNe2K0A,spotify:track:2PnlsTsOTLE5jnBnNe2K0A,0.466,0.872,7,-3.344,1,0.0156,0.0,0.121,0.806,184.115,190428,4
218,4z4JQxp5ddY3Z8ETnaPPAK,spotify:track:4z4JQxp5ddY3Z8ETnaPPAK,0.335,0.784,6,-4.161,0,0.014,0.00147,0.333,0.333,110.029,193798,5
219,24l3mfIPWVa645a9LEwSHx,spotify:track:24l3mfIPWVa645a9LEwSHx,0.283,0.931,9,-2.986,1,0.00317,0.0,0.428,0.35,176.082,242662,4
220,4WVcTxy8lZqrz3wp0Mp1DF,spotify:track:4WVcTxy8lZqrz3wp0Mp1DF,0.461,0.861,9,-3.381,1,0.00322,0.0,0.114,0.7,178.119,189898,4
221,09ttHg3ZNVgDlYBZa1ZBw0,spotify:track:09ttHg3ZNVgDlYBZa1ZBw0,0.511,0.862,10,-5.677,1,0.0656,1.86e-06,0.0939,0.361,98.021,221451,4
222,1LAlLBTGBUO0MDA8IbSysd,spotify:track:1LAlLBTGBUO0MDA8IbSysd,0.363,0.891,5,-5.563,0,0.00992,0.00183,0.134,0.331,95.089,236000,4
223,6buQeGlk47QiPVoPObaZ7x,spotify:track:6buQeGlk47QiPVoPObaZ7x,0.546,0.716,2,-6.731,0,0.00316,0.00107,0.0569,0.732,75.518,195760,4
224,1a19jsjG2DvbN1fVJonKUU,spotify:track:1a19jsjG2DvbN1fVJonKUU,0.417,0.812,10,-3.979,1,0.0154,2.11e-05,0.189,0.419,82.002,230053,4
225,1PEjhR1CCdINF8TyM5s8LX,spotify:track:1PEjhR1CCdINF8TyM5s8LX,0.578,0.9,2,-5.363,1,0.249,0.115,0.11,0.848,128.425,191747,4
226,2NgvsclHyE5KaOVSxJxPTu,spotify:track:2NgvsclHyE5KaOVSxJxPTu,0.566,0.892,0,-4.979,1,0.000538,0.0,0.316,0.367,133.028,211509,4
227,3rzUxFVoUazdBrFkslPmYx,spotify:track:3rzUxFVoUazdBrFkslPmYx,0.452,0.942,9,-4.12,0,0.000968,0.00214,0.489,0.375,163.023,227064,4
228,0E0GPPvheTzleZgWckjef2,spotify:track:0E0GPPvheTzleZgWckjef2,0.537,0.922,11,-3.8,0,0.00141,0.0,0.252,0.775,160.046,213925,4
229,03A89GAR9MPybXei4sZiYh,spotify:track:03A89GAR9MPybXei4sZiYh,0.459,0.873,8,-4.121,1,0.00272,0.0,0.194,0.563,94.878,176066,4
230,2EKpybTASGXP5DdTA3r6aP,spotify:track:2EKpybTASGXP5DdTA3r6aP,0.39,0.775,1,-3.358,1,0.0073,0.0,0.0965,0.214,160.08,219390,4
231,2M000btuOeRwAaOdx3WeFa,spotify:track:2M000btuOeRwAaOdx3WeFa,0.563,0.834,2,-5.549,0,0.0304,5.03e-05,0.336,0.38,116.03,165733,4
232,7xc0C9WHCHgoGWP53Nmlme,spotify:track:7xc0C9WHCHgoGWP53Nmlme,0.53,0.93,7,-2.917,0,0.00174,0.000355,0.0945,0.483,101.974,197849,4
233,0UYOncanPfTJVemojPksIP,spotify:track:0UYOncanPfTJVemojPksIP,0.513,0.987,0,-4.08,1,0.0034,0.0302,0.217,0.357,109.989,191667,4
234,6m3uTDJZzWymLsXOzlY6TD,spotify:track:6m3uTDJZzWymLsXOzlY6TD,0.545,0.698,1,-3.506,0,0.0353,5.9e-06,0.12,0.199,138.047,241580,4
235,3keius8Oa84Xwul5LdvO1c,spotify:track:3keius8Oa84Xwul5LdvO1c,0.566,0.87,8,-2.976,1,0.00282,0.0,0.116,0.71,111.031,175694,4
236,4uCDa4YimMEPVYux3C41Cl,spotify:track:4uCDa4YimMEPVYux3C41Cl,0.553,0.797,11,-3.919,1,0.0127,0.0,0.0547,0.725,94.924,164284,4
237,50E0Pl2yc4rycFqTH1cGRD,spotify:track:50E0Pl2yc4rycFqTH1cGRD,0.454,0.987,5,-3.477,1,0.00129,2.86e-06,0.345,0.539,185.985,130323,4
238,4goD7afmHrKjGNLmNh3MVE,spotify:track:4goD7afmHrKjGNLmNh3MVE,0.465,0.986,1,-7.112,1,0.0377,0.329,0.0915,0.589,171.046,190433,4
239,1gRK6QnBOpNtEDjYKftzTc,spotify:track:1gRK6QnBOpNtEDjYKftzTc,0.623,0.714,2,-5.943,1,0.000909,0.00347,0.123,0.655,118.026,206571,4
240,1kCJ1s8wtiXF3OK3dwQIcG,spotify:track:1kCJ1s8wtiXF3OK3dwQIcG,0.501,0.89,4,-4.195,0,0.0161,1.15e-05,0.227,0.331,163.028,178548,4
241,30AvLvLFOVvu5vjFLtdCHq,spotify:track:30AvLvLFOVvu5vjFLtdCHq,0.585,0.646,1,-4.447,1,0.00334,0.0,0.317,0.425,86.002,190829,4
242,3AeJxiUEE7wOYKjYt7M7X2,spotify:track:3AeJxiUEE7wOYKjYt7M7X2,0.528,0.958,11,-2.4,1,0.00299,0.0,0.135,0.587,144.453,128659,4
243,3sbdqZVzWv5amY4iQXqo8Y,spotify:track:3sbdqZVzWv5amY4iQXqo8Y,0.425,0.433,7,-6.668,1,0.151,0.0,0.123,0.24,140.161,216067,4
244,7GimqRFqc3xzsJfutIxqMh,spotify:track:7GimqRFqc3xzsJfutIxqMh,0.603,0.984,4,-3.08,1,0.0227,7.11e-06,0.16,0.493,136.021,200111,4
245,55Hlg31EQDXQn71p1KIr8r,spotify:track:55Hlg31EQDXQn71p1KIr8r,0.617,0.889,4,-4.986,1,0.00904,0.0,0.198,0.807,108.887,208299,4
246,6xaMXvpkmVow1RAinlthUT,spotify:track:6xaMXvpkmVow1RAinlthUT,0.641,0.789,7,-7.35,0,0.157,0.00799,0.323,0.859,118.041,193765,4
247,7uHpXA3rYfs1EqFHogCwDj,spotify:track:7uHpXA3rYfs1EqFHogCwDj,0.536,0.861,0,-4.443,1,0.0111,3.72e-06,0.114,0.713,145.017,201188,4
248,4MtX9BNNoXfeRxacZPSeUT,spotify:track:4MtX9BNNoXfeRxacZPSeUT,0.487,0.835,0,-4.742,1,0.043,0.00124,0.0704,0.965,176.116,196609,4
249,6KZRKGq6hj18WkbgXxcRcZ,spotify:track:6KZRKGq6hj18WkbgXxcRcZ,0.456,0.855,1,-7.282,1,0.00104,0.0476,0.152,0.384,125.507,204053,4
250,0P25VNpeP4L3NMOEMI68Yp,spotify:track:0P25VNpeP4L3NMOEMI68Yp,0.535,0.883,0,-4.715,1,0.000142,0.638,0.357,0.327,113.025,179692,4
251,7LCwtDqZNJfi3sfQd1sk2Z,spotify:track:7LCwtDqZNJfi3sfQd1sk2Z,0.422,0.837,9,-3.481,1,0.00126,0.0,0.117,0.639,127.405,214907,4
252,0Hn1hbGgYUltMyYGfDnJBL,spotify:track:0Hn1hbGgYUltMyYGfDnJBL,0.57,0.654,10,-6.238,1,0.00748,0.00134,0.241,0.583,99.557,236800,4
253,60m6nJnTF7AFOztDSmYqMh,spotify:track:60m6nJnTF7AFOztDSmYqMh,0.276,0.745,11,-5.599,0,0.0166,4.03e-06,0.198,0.143,115.91,276258,4
254,63Kd061yhHz1K6UEztFmJ5,spotify:track:63Kd061yhHz1K6UEztFmJ5,0.497,0.776,11,-6.0,0,0.0103,0.00358,0.24,0.441,99.995,184820,4
255,1DbeTcnfS7kLnHhVsRlvqg,spotify:track:1DbeTcnfS7kLnHhVsRlvqg,0.599,0.898,7,-3.265,1,0.000772,2.08e-06,0.0802,0.763,147.989,171748,4
256,3J9fDdirND6efE3VMFROGp,spotify:track:3J9fDdirND6efE3VMFROGp,0.372,0.729,5,-7.65,1,0.0119,9.34e-06,0.138,0.435,199.991,252267,4
257,7Jc79lucvYoqo3YA44EG8f,spotify:track:7Jc79lucvYoqo3YA44EG8f,0.455,0.837,2,-2.589,0,0.00291,4.57e-06,0.191,0.537,75.038,167997,4
258,4MZkA1wOfqYclYkQt7MUEd,spotify:track:4MZkA1wOfqYclYkQt7MUEd,0.468,0.847,2,-4.392,1,0.00173,0.0,0.215,0.741,172.229,177035,4
259,7pme6B95kKItToxKNCGIY8,spotify:track:7pme6B95kKItToxKNCGIY8,0.446,0.823,1,-4.833,0,0.00106,9.44e-06,0.238,0.355,153.076,190553,4
260,70yMk0UK1BTtPvhqcSXvnF,spotify:track:70yMk0UK1BTtPvhqcSXvnF,0.474,0.881,1,-3.578,1,0.000165,0.000195,0.489,0.402,166.07,203770,4
261,67CrKLE8d3Qhm4gcltiKs1,spotify:track:67CrKLE8d3Qhm4gcltiKs1,0.666,0.838,5,-5.573,0,0.00196,0.228,0.0982,0.374,142.999,249587,4
262,12wkU3vVGrvQzp4wQcL3mL,spotify:track:12wkU3vVGrvQzp4wQcL3mL,0.479,0.955,7,-2.589,1,2.83e-06,0.0014,0.11,0.325,125.008,246799,4
263,72KK2zfWDMXDwHk2WEUUCv,spotify:track:72KK2zfWDMXDwHk2WEUUCv,0.466,0.939,4,-2.66,0,5.13e-05,0.00197,0.0747,0.6,83.013,163935,4
264,5JK1baqYwbfNQaLkwaLEdX,spotify:track:5JK1baqYwbfNQaLkwaLEdX,0.586,0.808,8,-3.928,1,0.000341,0.00248,0.155,0.795,165.039,200292,4
265,7GdF52qhqJGoNNmPl8Lx2A,spotify:track:7GdF52qhqJGoNNmPl8Lx2A,0.48,0.867,3,-5.001,0,0.000566,0.000427,0.179,0.546,87.547,174214,4
266,62camXiL7evu87vDZ7EKSH,spotify:track:62camXiL7evu87vDZ7EKSH,0.448,0.936,6,-3.173,0,2.63e-06,0.773,0.137,0.639,163.039,177975,4
267,0dxFFSES71lDNKn56jrrQp,spotify:track:0dxFFSES71lDNKn56jrrQp,0.128,0.991,2,-4.06,1,2.97e-06,1.02e-05,0.293,0.206,147.057,222400,4
268,1EqavzBokG9fKmRfK6VJGp,spotify:track:1EqavzBokG9fKmRfK6VJGp,0.46,0.95,2,-3.814,1,0.0296,0.178,0.345,0.251,164.006,317467,4
269,0oHuN77kxHehaK8nbudk0U,spotify:track:0oHuN77kxHehaK8nbudk0U,0.576,0.824,8,-5.218,0,0.00578,2.79e-06,0.22,0.544,121.985,248463,4
270,5libQaNWi39sL1255ivVwK,spotify:track:5libQaNWi39sL1255ivVwK,0.547,0.865,7,-5.46,1,0.00571,0.000113,0.342,0.452,109.967,265166,4
271,5VizV1ual1LIaf30Fx2yBD,spotify:track:5VizV1ual1LIaf30Fx2yBD,0.235,0.746,5,-7.891,0,0.0386,0.792,0.726,0.168,149.983,194240,4
272,1IQx5nJcdso6KsMloQSWza,spotify:track:1IQx5nJcdso6KsMloQSWza,0.577,0.528,2,-9.356,1,0.00167,0.00303,0.102,0.593,103.98,257920,4
273,7qstwlAVvc8l9e0dcMneKn,spotify:track:7qstwlAVvc8l9e0dcMneKn,0.412,0.885,0,-3.595,1,0.00164,2.66e-06,0.0516,0.572,180.041,168626,4
274,2kIDECuRDbagrRqLOY3Mnm,spotify:track:2kIDECuRDbagrRqLOY3Mnm,0.477,0.891,11,-6.234,1,0.0465,0.000493,0.0596,0.336,169.872,134118,4
275,4tgikaa2iJTVUreVxW2Us6,spotify:track:4tgikaa2iJTVUreVxW2Us6,0.475,0.881,2,-3.582,1,0.00115,0.00251,0.189,0.292,185.997,190491,4
276,6bu97rYhlHjuEAq3KbmtR9,spotify:track:6bu97rYhlHjuEAq3KbmtR9,0.547,0.78,2,-4.958,1,3.32e-05,0.0,0.401,0.328,128.0,214246,4
277,7C05XnRPiQeuHUjxvFdzSI,spotify:track:7C05XnRPiQeuHUjxvFdzSI,0.59,0.717,0,-5.224,1,0.182,2.72e-06,0.0547,0.531,95.034,172188,4
278,6tv37DbWSLe4Rik7CeYzOT,spotify:track:6tv37DbWSLe4Rik7CeYzOT,0.493,0.808,2,-3.943,1,0.034,1.06e-06,0.103,0.208,142.028,195303,4
279,7sWKIQsoW2dlKMNobxXoXp,spotify:track:7sWKIQsoW2dlKMNobxXoXp,0.522,0.732,9,-8.11,1,0.00395,0.000529,0.126,0.244,116.972,249440,4
280,3qWKi2INlCjt8WmrMqyuFv,spotify:track:3qWKi2INlCjt8WmrMqyuFv,0.37,0.955,9,-4.325,1,0.119,0.8,0.117,0.6,152.529,243793,4
281,2YL1nqQAZbiJFey1mwVCXu,spotify:track:2YL1nqQAZbiJFey1mwVCXu,0.516,0.695,11,-8.09,1,0.014,0.937,0.0942,0.492,121.093,212126,4
282,05EqkaNF2149cACYq1bQSI,spotify:track:05EqkaNF2149cACYq1bQSI,0.286,0.946,6,-2.594,1,0.647,0.922,0.146,0.243,83.456,228000,4
283,0lPwT1JHuNFeXtIV6i6Eg2,spotify:track:0lPwT1JHuNFeXtIV6i6Eg2,0.348,0.963,8,-7.511,0,0.00341,0.0,0.118,0.197,101.371,260887,4
284,6kPUaajgvBhYzPaOZvJu40,spotify:track:6kPUaajgvBhYzPaOZvJu40,0.446,0.711,11,-2.185,1,0.0036,0.0,0.112,0.391,75.044,182833,4
285,32KlXs8UNZCZJeOtAcCfbc,spotify:track:32KlXs8UNZCZJeOtAcCfbc,0.587,0.962,4,-4.427,1,0.00851,0.0,0.14,0.617,130.036,171360,4
286,1CcInJMJvGVozu3AaDKTz6,spotify:track:1CcInJMJvGVozu3AaDKTz6,0.362,0.57,2,-8.829,1,0.000752,0.0125,0.161,0.219,77.7,178782,4
287,3CCYvwjeUJqM29jdM7c6Qa,spotify:track:3CCYvwjeUJqM29jdM7c6Qa,0.431,0.839,9,-3.468,0,0.000624,9.99e-06,0.208,0.382,97.626,194564,4
288,4fVNq2mSVupgHjcrVySEEx,spotify:track:4fVNq2mSVupgHjcrVySEEx,0.475,0.917,9,-3.683,0,0.00261,8.29e-06,0.106,0.663,78.746,182067,4
289,4JYfUVBWV21iLNNRqcXpvD,spotify:track:4JYfUVBWV21iLNNRqcXpvD,0.393,0.928,2,-4.437,1,0.00178,0.0,0.313,0.542,150.0,179213,4
290,3YX4BJ5pijLueth2TDT0Du,spotify:track:3YX4BJ5pijLueth2TDT0Du,0.557,0.722,9,-8.086,1,0.000185,0.164,0.366,0.255,134.335,223307,4
291,2z32Yu9L8Chw5Q0hnE9l9F,spotify:track:2z32Yu9L8Chw5Q0hnE9l9F,0.541,0.87,8,-5.24,1,0.000225,0.00743,0.207,0.658,100.124,194124,4
292,56U1pIituJfEkU0impIpYA,spotify:track:56U1pIituJfEkU0impIpYA,0.591,0.762,7,-6.203,1,0.019,0.593,0.115,0.601,140.979,234567,4
293,6UCtr0AtfQz1F911AFgbI6,spotify:track:6UCtr0AtfQz1F911AFgbI6,0.487,0.949,1,-4.772,1,2.97e-05,0.000111,0.501,0.264,95.05,208982,4
294,0ktKSUk92UVhsz7IRYyuO6,spotify:track:0ktKSUk92UVhsz7IRYyuO6,0.257,0.988,11,-3.576,0,0.000229,0.855,0.316,0.129,192.177,180792,4
295,0iVyBRoFmD8aK7kncgegtN,spotify:track:0iVyBRoFmD8aK7kncgegtN,0.617,0.924,11,-3.834,1,0.00873,0.0204,0.154,0.578,129.072,162400,4
296,6zu0jIQCdJhX4YhkAYz2HF,spotify:track:6zu0jIQCdJhX4YhkAYz2HF,0.454,0.981,1,-4.022,1,0.0102,0.00312,0.714,0.78,190.0,184156,4
297,0Rxnkj7djKjYBIB9OvnGU5,spotify:track:0Rxnkj7djKjYBIB9OvnGU5,0.572,0.629,4,-6.093,1,0.088,0.0,0.292,0.396,107.972,220596,4
298,14cTaKkjwvw9nZFk7DC1UX,spotify:track:14cTaKkjwvw9nZFk7DC1UX,0.505,0.867,1,-5.685,1,0.00165,6.59e-05,0.028,0.54,152.066,185812,4
299,7nPwhOarrHj4VICEw9t805,spotify:track:7nPwhOarrHj4VICEw9t805,0.448,0.876,1,-3.098,1,0.0475,0.00463,0.318,0.409,147.937,209000,4
300,5c6TTVidKogBvEoZLOo4xC,spotify:track:5c6TTVidKogBvEoZLOo4xC,0.594,0.972,7,-3.552,1,0.00886,0.00475,0.298,0.812,160.017,194893,4
301,1lb8y5ayNhqmoyDMULKPhn,spotify:track:1lb8y5ayNhqmoyDMULKPhn,0.451,0.759,10,-5.052,1,0.000141,4.88e-05,0.352,0.27,116.105,165200,4
302,5guP9C0A2BkgOIO31P0XpY,spotify:track:5guP9C0A2BkgOIO31P0XpY,0.713,0.869,11,-5.869,0,0.0574,0.088,0.0986,0.595,122.053,227105,4
303,09r3Mi2FFYLm02f544hi8f,spotify:track:09r3Mi2FFYLm02f544hi8f,0.268,0.917,2,-5.139,1,3.99e-06,0.584,0.159,0.453,132.348,186000,4
304,2q7DmMeGKPyEKqR8RvRvu8,spotify:track:2q7DmMeGKPyEKqR8RvRvu8,0.425,0.871,1,-5.814,1,0.00407,0.0,0.394,0.66,75.861,171709,4
305,5DyWv22uBarGeTDh8Hji0a,spotify:track:5DyWv22uBarGeTDh8Hji0a,0.268,0.509,4,-5.729,1,0.0493,0.139,0.116,0.187,67.295,248860,4
306,4o6xvp0vmdHMeS4Z5qeRQw,spotify:track:4o6xvp0vmdHMeS4Z5qeRQw,0.528,0.7,1,-5.282,1,0.166,0.891,0.113,0.236,129.963,170000,4
307,56SCt4J5VjQ5aFjIilwKda,spotify:track:56SCt4J5VjQ5aFjIilwKda,0.694,0.739,0,-7.506,1,0.00423,0.000142,0.196,0.501,131.978,209091,4
308,3Kc48KnKB0EQKaplpW2qYV,spotify:track:3Kc48KnKB0EQKaplpW2qYV,0.602,0.878,4,-6.004,1,0.00502,0.000809,0.0901,0.817,88.979,186487,4
309,5eSsvk6nelxQoMYu6tLEM5,spotify:track:5eSsvk6nelxQoMYu6tLEM5,0.74,0.654,9,-7.004,1,0.131,0.0084,0.0744,0.967,131.037,191588,4
310,2enLfak71vN7GIyWGB8mRB,spotify:track:2enLfak71vN7GIyWGB8mRB,0.419,0.927,1,-5.721,0,2.5e-05,4.88e-05,0.081,0.529,164.988,214500,4
311,5h8EGfF4j1az4GNCAgQBkF,spotify:track:5h8EGfF4j1az4GNCAgQBkF,0.482,0.802,5,-5.648,0,0.000133,0.0268,0.0991,0.318,104.072,149465,4
312,6GsXN6OCNWR3GaDoNQTmwW,spotify:track:6GsXN6OCNWR3GaDoNQTmwW,0.483,0.589,3,-5.131,1,0.000527,0.761,0.131,0.167,136.006,233329,4
313,5Nk0fgUhD5DwwjCjN7erYh,spotify:track:5Nk0fgUhD5DwwjCjN7erYh,0.521,0.823,8,-5.317,0,0.0085,0.0599,0.208,0.591,126.041,233560,4
314,5On63WZYDvgFsRA5jPTEo9,spotify:track:5On63WZYDvgFsRA5jPTEo9,0.393,0.624,2,-7.825,1,0.0017,0.695,0.161,0.323,127.99,176693,3
315,2dMNciITsFnBIb78bMRIoy,spotify:track:2dMNciITsFnBIb78bMRIoy,0.539,0.979,9,-4.403,1,0.0073,0.0244,0.543,0.466,124.937,181499,4
316,7alzCFTJF8Z6pKjuIXHc30,spotify:track:7alzCFTJF8Z6pKjuIXHc30,0.484,0.739,4,-4.355,1,0.075,2.32e-05,0.169,0.432,140.171,186668,4
317,0bAGgOU0w2gKhEqmdeKWKe,spotify:track:0bAGgOU0w2gKhEqmdeKWKe,0.499,0.917,9,-7.17,0,0.283,0.02,0.322,0.655,113.048,213253,4
318,6JgPxzHvyvK6tmGms32AIR,spotify:track:6JgPxzHvyvK6tmGms32AIR,0.698,0.84,2,-5.526,1,0.00123,0.772,0.041,0.796,89.06,139756,4
319,3g0QrOr4LLK5b5P41AN3oF,spotify:track:3g0QrOr4LLK5b5P41AN3oF,0.253,0.916,4,-7.317,1,0.0186,0.0,0.732,0.392,168.756,138057,4
320,2SxUIKMDtPWB3af3P8zHnl,spotify:track:2SxUIKMDtPWB3af3P8zHnl,0.54,0.845,4,-4.432,1,0.00183,8.94e-05,0.0814,0.633,97.007,141399,4
321,6MmhdrCkQt8hL78DiY2Q6m,spotify:track:6MmhdrCkQt8hL78DiY2Q6m,0.483,0.796,11,-6.628,1,9.12e-05,0.000104,0.0896,0.372,120.022,192987,4
322,21opIkXGXrbI2Q53uYGyc0,spotify:track:21opIkXGXrbI2Q53uYGyc0,0.633,0.851,4,-6.056,1,3.39e-05,0.00403,0.459,0.307,104.979,201143,4
323,4bglPi25DUa37NuYw2N06U,spotify:track:4bglPi25DUa37NuYw2N06U,0.263,0.847,5,-7.47,1,0.000124,4.41e-06,0.121,0.208,112.208,215087,4
324,3HX21L7lVBGv9uj27dY5XM,spotify:track:3HX21L7lVBGv9uj27dY5XM,0.256,0.962,1,-5.465,1,1.04e-05,0.176,0.101,0.474,133.295,289497,4
325,2zACFMPGtBiPFEctPsu556,spotify:track:2zACFMPGtBiPFEctPsu556,0.372,0.852,2,-6.32,1,0.00037,3.91e-05,0.738,0.515,150.391,103357,4
326,351TRYuSxdSyiStrTtq97p,spotify:track:351TRYuSxdSyiStrTtq97p,0.592,0.538,11,-6.102,1,0.0471,0.000385,0.262,0.598,142.026,179733,4
327,0rNPQbISdNPMIu29r3aawf,spotify:track:0rNPQbISdNPMIu29r3aawf,0.564,0.776,7,-5.978,1,0.00829,0.00054,0.0828,0.59,130.05,162794,4
328,3Y6nnH4zYeJFNGRhSEq8Mx,spotify:track:3Y6nnH4zYeJFNGRhSEq8Mx,0.292,0.381,10,-9.016,1,0.162,0.00121,0.0972,0.185,135.632,344886,4
329,6qNQ4XoJfwUhoP0zXoksrj,spotify:track:6qNQ4XoJfwUhoP0zXoksrj,0.51,0.718,7,-7.786,1,0.119,0.0119,0.24,0.523,110.012,195088,4
330,7xW9JjKq1cl6ZBq8tTkeWA,spotify:track:7xW9JjKq1cl6ZBq8tTkeWA,0.17,0.724,2,-6.798,1,0.000899,0.0797,0.837,0.236,138.42,287813,4
331,3TrnJe4PR4xRtrY6vElta3,spotify:track:3TrnJe4PR4xRtrY6vElta3,0.443,0.911,3,-4.111,1,0.000933,0.365,0.086,0.51,170.037,267828,4
332,6s55DkhxntRC9G4CXfSzgK,spotify:track:6s55DkhxntRC9G4CXfSzgK,0.364,0.554,7,-6.027,1,0.0311,0.000963,0.208,0.3,157.978,163677,4
333,1oXnJpmWXNKEXqXoXTPASi,spotify:track:1oXnJpmWXNKEXqXoXTPASi,0.496,0.738,9,-8.236,1,0.0246,0.0398,0.111,0.281,125.363,216753,4
334,7dsvLaJd4wjCfVB8wjYb5H,spotify:track:7dsvLaJd4wjCfVB8wjYb5H,0.602,0.804,4,-6.126,1,0.0579,0.197,0.124,0.525,140.022,186533,4
335,6oV7SNTekPwmIyho3AUuTO,spotify:track:6oV7SNTekPwmIyho3AUuTO,0.399,0.991,4,-2.726,0,0.000248,0.0,0.194,0.423,150.107,176726,4
336,2pVWLDdttDpDIy64nYJomQ,spotify:track:2pVWLDdttDpDIy64nYJomQ,0.6,0.548,2,-13.146,1,0.000446,0.0438,0.425,0.283,119.988,290750,4
337,5Hbsyi33p4eptpcTAqNHm8,spotify:track:5Hbsyi33p4eptpcTAqNHm8,0.438,0.834,5,-2.192,1,3.15e-05,1.06e-06,0.267,0.591,155.018,139041,4
338,1nrRFHurbF6jhinVdptcrz,spotify:track:1nrRFHurbF6jhinVdptcrz,0.592,0.759,11,-7.162,1,0.0381,0.0126,0.294,0.45,156.022,443040,4
339,1Qxo4KrJ8Hf5bmoTf2SNBK,spotify:track:1Qxo4KrJ8Hf5bmoTf2SNBK,0.408,0.554,8,-8.019,1,0.0106,0.412,0.101,0.138,103.144,487789,4
340,6c6dE6XT63hIE230PeujbC,spotify:track:6c6dE6XT63hIE230PeujbC,0.489,0.728,4,-3.92,1,0.00462,4.52e-06,0.0984,0.558,127.044,262750,4
341,4Z3GFOVnHd0Ivqqi4m0kP1,spotify:track:4Z3GFOVnHd0Ivqqi4m0kP1,0.716,0.709,9,-4.874,0,0.377,0.000974,0.0753,0.884,177.096,181695,4
342,1aAYShm16G1hLvlEArQjwx,spotify:track:1aAYShm16G1hLvlEArQjwx,0.287,0.585,9,-10.157,1,0.000184,0.453,0.158,0.234,150.047,249880,4
343,6SycyjxsiRV81zsQBE4hxb,spotify:track:6SycyjxsiRV81zsQBE4hxb,0.547,0.899,11,-5.886,0,0.0171,0.399,0.231,0.808,156.039,222924,4
344,2eD0yvsZSOWtYEUJwRNbD2,spotify:track:2eD0yvsZSOWtYEUJwRNbD2,0.527,0.984,2,-2.248,1,0.00093,0.00954,0.0498,0.576,100.028,193101,4
345,2T79r0ftR0lUE2xO8jj1Ps,spotify:track:2T79r0ftR0lUE2xO8jj1Ps,0.522,0.922,9,-4.259,0,0.0231,0.0,0.101,0.429,75.007,157700,4
346,6yQXnjxPQg3L0h7tq72xDF,spotify:track:6yQXnjxPQg3L0h7tq72xDF,0.496,0.858,10,-4.954,0,6.41e-05,0.000129,0.112,0.636,155.06,167529,4
347,1fba46NxYT5qPrZeQgXhjD,spotify:track:1fba46NxYT5qPrZeQgXhjD,0.333,0.971,2,-3.508,1,5.11e-05,0.0138,0.258,0.437,180.101,179083,4
348,5vZjKukbuSJbIx1NE8YoBQ,spotify:track:5vZjKukbuSJbIx1NE8YoBQ,0.587,0.756,4,-7.065,1,0.369,0.0,0.124,0.491,147.915,138922,4
349,1OWftpO1HUTtwcSCE7DqRg,spotify:track:1OWftpO1HUTtwcSCE7DqRg,0.604,0.879,5,-4.787,1,0.112,1.5e-06,0.16,0.307,162.043,127942,4
350,3IkOx5HHFFWUZF6U6oxTQZ,spotify:track:3IkOx5HHFFWUZF6U6oxTQZ,0.566,0.594,3,-7.385,1,0.000331,2.51e-05,0.178,0.364,110.03,200565,4
351,3DHFIPhCdWCjNROaOSuTyI,spotify:track:3DHFIPhCdWCjNROaOSuTyI,0.233,0.813,10,-7.22,0,0.00337,0.0217,0.105,0.207,135.216,172274,4
352,7s7LcS7GeWvb2srh6P16C4,spotify:track:7s7LcS7GeWvb2srh6P16C4,0.457,0.681,5,-5.236,0,0.00437,0.000147,0.0803,0.0782,140.123,338000,4
353,1ZTV0DR29Kw0ImAHnIHe5W,spotify:track:1ZTV0DR29Kw0ImAHnIHe5W,0.475,0.821,1,-8.355,0,0.00314,0.726,0.216,0.748,170.021,172389,4
354,6556dVFzfiI5MK1lb2PH5t,spotify:track:6556dVFzfiI5MK1lb2PH5t,0.527,0.594,6,-7.291,0,0.243,0.00122,0.196,0.297,100.023,253947,4
355,6JauEacOM5Y1ojqaR7ELEr,spotify:track:6JauEacOM5Y1ojqaR7ELEr,0.338,0.748,0,-6.169,1,0.00244,1.71e-05,0.11,0.403,119.192,216000,4
356,6KakH2WZYsLPFKHuGIRVi0,spotify:track:6KakH2WZYsLPFKHuGIRVi0,0.641,0.852,6,-4.768,0,0.000604,0.000154,0.304,0.757,113.981,197669,4
357,7cyos5YJBVUVdydIrIqz2r,spotify:track:7cyos5YJBVUVdydIrIqz2r,0.43,0.971,7,-4.98,1,0.164,0.87,0.381,0.304,175.02,163773,4
358,5SkVjGbfcaVqkAgDSqIvtp,spotify:track:5SkVjGbfcaVqkAgDSqIvtp,0.428,0.835,1,-7.08,0,0.00114,0.00714,0.174,0.29,79.993,261841,4
359,30t4tjlh78iWwgYzc8vzTK,spotify:track:30t4tjlh78iWwgYzc8vzTK,0.478,0.714,9,-5.627,1,0.00112,0.00556,0.0907,0.447,137.989,202133,4
360,2wwuHIJu2ibOjiv0JcWgrH,spotify:track:2wwuHIJu2ibOjiv0JcWgrH,0.119,0.927,2,-6.229,1,5.96e-06,0.00308,0.0836,0.494,200.093,161500,4
361,3qRuNHXauWIh3iC48EqeAq,spotify:track:3qRuNHXauWIh3iC48EqeAq,0.523,0.91,4,-7.324,0,0.0746,2.47e-05,0.0863,0.609,122.024,227750,4
362,3M1AOV25ZrXc4bLdHcDzEf,spotify:track:3M1AOV25ZrXc4bLdHcDzEf,0.465,0.619,1,-7.83,0,0.0257,0.4,0.112,0.19,98.6,220528,4
363,28KY5CHb2T87dZZYnOAiaX,spotify:track:28KY5CHb2T87dZZYnOAiaX,0.401,0.912,6,-4.394,0,0.00695,2e-06,0.0932,0.232,169.978,189000,4
364,6N3ZQPkfpU0V7epCMn7CPf,spotify:track:6N3ZQPkfpU0V7epCMn7CPf,0.351,0.89,4,-9.269,1,0.00123,0.0,0.304,0.802,176.227,202700,4
365,3SM1n1nySgfmCKWRhHfAGg,spotify:track:3SM1n1nySgfmCKWRhHfAGg,0.248,0.867,7,-6.677,1,9.52e-05,0.0145,0.181,0.415,161.265,233893,4
366,4JuNh4r6aLMohxtyQd5Ksq,spotify:track:4JuNh4r6aLMohxtyQd5Ksq,0.232,0.916,0,-5.593,1,8.42e-05,0.23,0.196,0.578,162.716,195880,4
367,6Enuy83ccl5W8cWILxp2h4,spotify:track:6Enuy83ccl5W8cWILxp2h4,0.414,0.695,0,-9.251,1,0.00418,0.0633,0.217,0.177,167.987,189653,4
368,0DinJHyy94gHS9BhCeNxcF,spotify:track:0DinJHyy94gHS9BhCeNxcF,0.27,0.955,4,-3.808,1,0.000336,5.14e-05,0.41,0.453,190.02,154770,4
369,4j4XDUVeOQS4IfHkS28T08,spotify:track:4j4XDUVeOQS4IfHkS28T08,0.477,0.953,11,-3.984,0,0.00111,0.0,0.365,0.612,161.035,164147,4
370,6cV95Kl7vPsNOrCbRsZ9AD,spotify:track:6cV95Kl7vPsNOrCbRsZ9AD,0.471,0.582,10,-9.267,0,0.0316,6.75e-05,0.111,0.323,100.02,195607,4
371,4YfoqHqLCtbs3CSM0J74Eq,spotify:track:4YfoqHqLCtbs3CSM0J74Eq,0.644,0.772,2,-5.723,1,0.0122,0.642,0.54,0.588,118.004,185864,4
372,0bMSEu5EwW9wSQzX4uKT5Q,spotify:track:0bMSEu5EwW9wSQzX4uKT5Q,0.417,0.921,6,-4.831,0,0.00335,1.49e-05,0.345,0.251,120.092,168492,4
373,3uH6NMa2r4oHGDGebkEZfK,spotify:track:3uH6NMa2r4oHGDGebkEZfK,0.392,0.74,0,-4.236,1,0.0251,0.000198,0.0968,0.579,162.528,174333,4
374,7hr0WyhqQxrK3SQ9ZQxjTu,spotify:track:7hr0WyhqQxrK3SQ9ZQxjTu,0.425,0.961,5,-2.85,1,0.000207,0.0,0.329,0.348,96.971,218003,4
375,54f4ILCiEdfu2VuSmrXJ8Z,spotify:track:54f4ILCiEdfu2VuSmrXJ8Z,0.471,0.908,11,-6.705,0,2.84e-05,0.0718,0.0771,0.396,139.029,265067,4
376,7rqfCQ0Uw6qyztM4rKjKs0,spotify:track:7rqfCQ0Uw6qyztM4rKjKs0,0.568,0.962,2,-4.124,1,1.86e-05,0.114,0.0862,0.217,114.996,217081,4
377,5CNopDW4B3IBlspdSmvjCh,spotify:track:5CNopDW4B3IBlspdSmvjCh,0.643,0.73,1,-4.965,1,0.146,0.0,0.276,0.32,87.518,277714,4
378,2VLXWFJpLcQvAXf4xLgilI,spotify:track:2VLXWFJpLcQvAXf4xLgilI,0.407,0.938,6,-3.329,0,0.00244,1.71e-06,0.198,0.722,82.947,191747,4
379,05N2CVEkUbEd0slHLapdER,spotify:track:05N2CVEkUbEd0slHLapdER,0.579,0.421,11,-7.946,0,0.123,3.39e-06,0.145,0.0948,109.991,186906,4
380,1TnAZhq4cp6K2I4UmHJzZ4,spotify:track:1TnAZhq4cp6K2I4UmHJzZ4,0.432,0.956,9,-4.946,1,0.0112,0.0,0.386,0.327,179.981,193968,4
381,4vJk5lD1Lk89jgBOk8E7zK,spotify:track:4vJk5lD1Lk89jgBOk8E7zK,0.573,0.902,1,-5.076,1,6.8e-05,7.02e-05,0.278,0.6,126.089,150637,4
382,2FMNCmWngbfBYBoUSeeKM4,spotify:track:2FMNCmWngbfBYBoUSeeKM4,0.454,0.774,4,-4.785,0,0.000628,3.64e-06,0.164,0.123,87.569,214134,4
383,1zz3gyupVHNCZ3tZiboxyg,spotify:track:1zz3gyupVHNCZ3tZiboxyg,0.524,0.921,2,-4.869,1,1.55e-06,0.0276,0.0522,0.416,101.981,174558,4
384,7lIeZcWnUovgdPUoZfhEdh,spotify:track:7lIeZcWnUovgdPUoZfhEdh,0.427,0.93,6,-4.561,0,0.000495,0.0,0.319,0.644,170.147,203294,4
385,2BZ3Xf6yu0KWGtdzoMuWsR,spotify:track:2BZ3Xf6yu0KWGtdzoMuWsR,0.29,0.963,10,-1.958,0,0.00044,0.0,0.323,0.462,174.058,198533,4
386,6PKxJG1HapLGNqaKoRaIq4,spotify:track:6PKxJG1HapLGNqaKoRaIq4,0.3,0.735,9,-4.833,1,0.00125,6.76e-05,0.109,0.392,146.762,268421,4
387,3EuAXH9UnjcejNj49VKVIs,spotify:track:3EuAXH9UnjcejNj49VKVIs,0.44,0.951,8,-3.046,1,0.000106,0.0391,0.241,0.28,91.952,185009,4
388,2FY3V309Dc0X6VS8OWFxC9,spotify:track:2FY3V309Dc0X6VS8OWFxC9,0.248,0.872,1,-4.031,0,0.00363,0.0,0.146,0.787,79.611,219190,4
389,0o16V4WswA4aknX8WmVDsQ,spotify:track:0o16V4WswA4aknX8WmVDsQ,0.491,0.912,2,-7.692,1,8.09e-05,0.0964,0.244,0.604,95.154,273520,4
390,3EHJOZe6u7piShrCp3y7KD,spotify:track:3EHJOZe6u7piShrCp3y7KD,0.387,0.637,1,-5.296,0,0.000157,0.537,0.186,0.418,92.02,278013,4
391,63tV7Ajy1yqmHAv5w4TR8s,spotify:track:63tV7Ajy1yqmHAv5w4TR8s,0.69,0.877,0,-3.9,1,0.00854,0.0535,0.148,0.837,120.005,158998,4
392,4QUpenmTaYWx0HCq2zx060,spotify:track:4QUpenmTaYWx0HCq2zx060,0.546,0.817,8,-5.784,1,8.11e-05,0.000145,0.256,0.962,138.016,143995,4
393,70SGUSGBpAD1FIEkmWM4PX,spotify:track:70SGUSGBpAD1FIEkmWM4PX,0.635,0.676,4,-4.041,1,0.0137,3.83e-05,0.116,0.716,89.106,164047,4
394,0QTnrvAOdpW98lSdowjwHM,spotify:track:0QTnrvAOdpW98lSdowjwHM,0.531,0.881,0,-4.421,0,0.0228,0.0,0.65,0.413,98.512,184464,4
395,6zMBklADPUiVev8tFrMHIy,spotify:track:6zMBklADPUiVev8tFrMHIy,0.501,0.909,10,-2.463,1,0.000153,0.000807,0.115,0.236,96.906,287840,4
396,6JN8exConeYRUdfGkqmYfO,spotify:track:6JN8exConeYRUdfGkqmYfO,0.338,0.99,2,-3.716,1,0.00252,1.25e-06,0.351,0.176,164.75,145267,4
397,2rJXSza2JQaOajEZBUhQbJ,spotify:track:2rJXSza2JQaOajEZBUhQbJ,0.539,0.905,7,-5.068,0,0.0269,9.22e-05,0.166,0.311,125.957,237534,4
398,5QlaYAjyS0zuoA9zGk4c3R,spotify:track:5QlaYAjyS0zuoA9zGk4c3R,0.486,0.842,2,-5.642,0,0.000245,0.601,0.0836,0.305,104.986,221291,4
399,6Yk9u3C8EVpyixdgXv0S6G,spotify:track:6Yk9u3C8EVpyixdgXv0S6G,0.584,0.844,11,-5.24,0,0.0107,0.000347,0.113,0.491,119.991,287667,3
400,7aXbppRpGAl8E4jMzN82CT,spotify:track:7aXbppRpGAl8E4jMzN82CT,0.59,0.921,4,-5.247,0,0.0111,1.44e-06,0.325,0.533,158.045,169456,4
401,3yo3ZsW5OmKGEPvuScRWVL,spotify:track:3yo3ZsW5OmKGEPvuScRWVL,0.333,0.854,4,-6.255,0,0.0489,6.42e-05,0.11,0.129,159.927,243539,4
402,2pxsyhvXrWCvjXBYCOilQ4,spotify:track:2pxsyhvXrWCvjXBYCOilQ4,0.497,0.942,4,-4.15,0,0.00066,0.00975,0.0877,0.314,127.953,236925,4
403,6t1WBBQsSDjYuZL2TglrEN,spotify:track:6t1WBBQsSDjYuZL2TglrEN,0.486,0.848,5,-5.507,0,8.06e-05,0.000371,0.628,0.505,131.069,241427,3
404,6DBHegQiBhFubLWBlpk621,spotify:track:6DBHegQiBhFubLWBlpk621,0.481,0.93,7,-4.111,1,0.00514,0.0,0.414,0.301,116.791,198398,4
405,3dP3PfCwcvmzJlI6NUZurb,spotify:track:3dP3PfCwcvmzJlI6NUZurb,0.359,0.952,3,-4.063,1,1.32e-06,0.586,0.113,0.187,92.495,182100,4
406,11DxHa7QIQ5NfdiHstN2O2,spotify:track:11DxHa7QIQ5NfdiHstN2O2,0.561,0.839,10,-5.093,0,0.000129,5.97e-05,0.257,0.508,127.977,223133,4
407,6Q47FSXfau9Adh1qmFFmyb,spotify:track:6Q47FSXfau9Adh1qmFFmyb,0.473,0.983,10,-4.553,0,1e-05,0.0,0.0778,0.226,119.969,213580,4
408,1IZR2yJzCjHkaxbv5rCdP8,spotify:track:1IZR2yJzCjHkaxbv5rCdP8,0.4,0.894,1,-3.952,1,0.00115,0.0,0.301,0.456,187.033,203340,4
409,7cY80346hpJqWsZICV8AP2,spotify:track:7cY80346hpJqWsZICV8AP2,0.513,0.984,2,-4.015,1,0.0179,0.0,0.48,0.196,99.972,175366,4
410,08IpZZZPvzDMED3oq9F8Or,spotify:track:08IpZZZPvzDMED3oq9F8Or,0.466,0.989,7,-2.752,1,6.9e-05,0.000919,0.301,0.137,102.521,269584,4
411,3DwjMFo9ph8ItBBU75owDY,spotify:track:3DwjMFo9ph8ItBBU75owDY,0.497,0.987,3,-3.997,1,0.000821,0.0,0.102,0.41,129.967,229779,4
412,7e1x3ozyFOOe77bdYuNg3k,spotify:track:7e1x3ozyFOOe77bdYuNg3k,0.234,0.904,1,-4.173,1,0.00106,0.000791,0.03,0.219,97.377,204870,3
413,69rXxY0Vbo9Z2BCYfKlWdF,spotify:track:69rXxY0Vbo9Z2BCYfKlWdF,0.279,0.951,6,-5.832,0,0.000638,0.0105,0.0862,0.35,107.205,361130,4
414,50jAagbs3gaicU3gxWbkkU,spotify:track:50jAagbs3gaicU3gxWbkkU,0.404,0.906,11,-4.638,0,5.25e-06,5.13e-05,0.0753,0.333,77.027,226847,4
415,7GQySNHooG5azXnoLKaMzV,spotify:track:7GQySNHooG5azXnoLKaMzV,0.545,0.982,0,-3.752,0,0.000703,2.4e-05,0.132,0.14,107.998,254318,4
416,4ue8srSrurnk8sLJb7GjaO,spotify:track:4ue8srSrurnk8sLJb7GjaO,0.406,0.909,10,-7.491,0,0.000941,0.000239,0.353,0.228,191.921,215264,4
417,2P1kNZVpnEuVBnkeozS1iU,spotify:track:2P1kNZVpnEuVBnkeozS1iU,0.395,0.963,4,-4.774,1,0.0017,0.0196,0.44,0.153,180.079,162013,4
418,4CitUujHBwAOXGowI90zYN,spotify:track:4CitUujHBwAOXGowI90zYN,0.498,0.884,6,-6.422,1,0.00089,0.0244,0.102,0.583,118.061,359547,4
419,77Kj1Y4KzxeqbtSPc9M92k,spotify:track:77Kj1Y4KzxeqbtSPc9M92k,0.475,0.877,6,-5.223,0,4.35e-05,0.0236,0.161,0.793,76.491,233797,4
420,3AJS1eZLyHUSUFq4RU2Jan,spotify:track:3AJS1eZLyHUSUFq4RU2Jan,0.585,0.922,11,-5.11,0,0.000168,5.65e-05,0.251,0.516,142.061,192676,4
421,2pidfrkxJ3gwkiEuQ3idvv,spotify:track:2pidfrkxJ3gwkiEuQ3idvv,0.379,0.942,6,-4.778,1,0.000281,8.17e-06,0.334,0.431,157.997,230375,4
422,5v01WFtEMOQZFS7LcEwILO,spotify:track:5v01WFtEMOQZFS7LcEwILO,0.432,0.99,1,-4.89,1,0.000113,0.000115,0.349,0.149,132.081,186646,4
423,4rpw43XrPiHKER3nSL2vZH,spotify:track:4rpw43XrPiHKER3nSL2vZH,0.403,0.97,7,-2.739,1,0.000479,4.6e-06,0.416,0.173,183.936,152963,4
424,7b1R3hpUwhotl1006F9t89,spotify:track:7b1R3hpUwhotl1006F9t89,0.538,0.922,7,-4.53,1,5.65e-05,0.0149,0.316,0.436,124.03,229482,4
425,7sfp82nSU4R52zXcJpv0DQ,spotify:track:7sfp82nSU4R52zXcJpv0DQ,0.531,0.913,8,-2.855,1,0.00842,0.0,0.266,0.715,165.04,165869,4
426,4GGLOcwYvTdWq3Tfvynt7K,spotify:track:4GGLOcwYvTdWq3Tfvynt7K,0.239,0.907,7,-3.522,0,0.00335,2.03e-06,0.0974,0.265,130.621,244728,4
427,4i8U1t123TAsAgwudp0a3X,spotify:track:4i8U1t123TAsAgwudp0a3X,0.54,0.856,5,-3.716,1,8.45e-05,0.0,0.174,0.328,125.111,227259,4
428,3fqYPxHqA3RiEk0hr4Z4zJ,spotify:track:3fqYPxHqA3RiEk0hr4Z4zJ,0.356,0.731,10,-8.742,0,0.174,0.00174,0.0939,0.184,161.858,198704,4
429,3qYVgtSRgpfVwipxF52d4T,spotify:track:3qYVgtSRgpfVwipxF52d4T,0.47,0.725,8,-4.647,0,0.0924,0.000972,0.127,0.208,135.031,225881,3
430,6vQTZmFEgRfGFDZaKrGAsr,spotify:track:6vQTZmFEgRfGFDZaKrGAsr,0.305,0.657,5,-4.327,1,3.2e-05,0.0,0.145,0.53,155.351,229177,4
431,36c3OD4InlW7CxEQO2sgIZ,spotify:track:36c3OD4InlW7CxEQO2sgIZ,0.529,0.966,0,-3.107,1,0.000927,5.5e-05,0.341,0.566,128.015,185633,4
432,41uRcFai0Ta90sBnYB4OgK,spotify:track:41uRcFai0Ta90sBnYB4OgK,0.559,0.929,4,-4.042,0,0.00208,0.0,0.176,0.57,95.717,167265,4
433,2Ha8NtlH4SErTpsnsAcIHx,spotify:track:2Ha8NtlH4SErTpsnsAcIHx,0.57,0.767,10,-6.969,0,0.00034,0.0,0.32,0.763,129.989,223385,4
434,0yaRBGoeOXAwCt6dnpUPnr,spotify:track:0yaRBGoeOXAwCt6dnpUPnr,0.518,0.978,4,-4.332,1,0.000405,3.27e-06,0.349,0.331,99.503,199335,4
435,54fPJ9UDx68KkayeuskyAJ,spotify:track:54fPJ9UDx68KkayeuskyAJ,0.429,0.936,7,-3.272,1,0.00157,1.7e-05,0.79,0.554,162.077,222154,4
436,7I50EtrBjzjZmHwLj7BeFl,spotify:track:7I50EtrBjzjZmHwLj7BeFl,0.465,0.886,7,-4.314,1,0.000336,0.00042,0.714,0.409,86.534,235093,4
437,7pugmRsHRy1fnug9NqH5cA,spotify:track:7pugmRsHRy1fnug9NqH5cA,0.537,0.863,8,-5.678,1,0.00138,0.00405,0.167,0.281,123.099,238756,4
438,2c4pzmTObTntrKyQXGf0wy,spotify:track:2c4pzmTObTntrKyQXGf0wy,0.151,0.921,4,-4.911,0,0.00142,4.45e-05,0.514,0.374,84.023,217054,4
439,652PlanA5w5iJxTr04Za8U,spotify:track:652PlanA5w5iJxTr04Za8U,0.238,0.962,5,-2.964,1,2.98e-05,0.292,0.376,0.231,160.036,198417,4
440,7dAxPlnzPAqmEVpElxItYU,spotify:track:7dAxPlnzPAqmEVpElxItYU,0.313,0.925,7,-5.964,0,0.000606,0.0015,0.147,0.308,151.631,219035,4
441,5r0b7F3MGee7IMeJxP1TKP,spotify:track:5r0b7F3MGee7IMeJxP1TKP,0.469,0.924,8,-4.063,1,0.000162,9.97e-06,0.383,0.576,104.04,175961,4
442,4hothXhcXn6OmMXmN9A2cU,spotify:track:4hothXhcXn6OmMXmN9A2cU,0.545,0.728,7,-5.592,1,0.0169,0.0,0.0936,0.379,138.983,214736,4
443,4BiiGfe1QtSpsiZDvA4Pmd,spotify:track:4BiiGfe1QtSpsiZDvA4Pmd,0.649,0.819,3,-4.771,0,0.00868,0.00126,0.0527,0.934,103.973,182380,4
444,09b2bFKmoijMzZrT1l3bmT,spotify:track:09b2bFKmoijMzZrT1l3bmT,0.503,0.897,11,-5.152,1,0.00299,4.25e-05,0.362,0.628,162.034,163109,4
445,1xLPJ7vHjjiNuFay8fcyn2,spotify:track:1xLPJ7vHjjiNuFay8fcyn2,0.412,0.91,4,-3.198,0,0.000969,2.53e-06,0.0413,0.547,153.068,187526,4
446,7Dj80TBihm6IoXIQbv6QkU,spotify:track:7Dj80TBihm6IoXIQbv6QkU,0.477,0.878,10,-4.014,1,0.0664,0.0,0.318,0.457,167.096,176407,4
447,1IdJzfAHivOqqxrKJV7vPc,spotify:track:1IdJzfAHivOqqxrKJV7vPc,0.656,0.645,6,-2.978,1,0.291,1.48e-06,0.0338,0.714,76.035,161447,4
448,0v8Zc1htL0Z6LI0BC55Vwj,spotify:track:0v8Zc1htL0Z6LI0BC55Vwj,0.538,0.958,7,-2.854,1,0.000132,0.0,0.317,0.573,111.008,178770,3
449,1MXY6H5UDzcS9N7xr57Ncn,spotify:track:1MXY6H5UDzcS9N7xr57Ncn,0.493,0.808,6,-4.49,1,0.0353,0.000406,0.107,0.626,139.811,142827,4
450,69ocosqOP3VkFnNMmwUG2x,spotify:track:69ocosqOP3VkFnNMmwUG2x,0.569,0.614,0,-8.793,0,0.0509,2.48e-06,0.143,0.512,129.787,225229,4
451,0y2O2HwEenaEdHBGR32Lef,spotify:track:0y2O2HwEenaEdHBGR32Lef,0.394,0.806,0,-7.503,1,0.000412,0.0,0.0939,0.412,153.937,164087,4
452,09gQfBVADIP3mZn7VHRASs,spotify:track:09gQfBVADIP3mZn7VHRASs,0.511,0.959,1,-4.071,0,0.114,5.97e-06,0.138,0.472,137.969,172562,4
453,6538q47hdOo4SUuuaKKZ3s,spotify:track:6538q47hdOo4SUuuaKKZ3s,0.32,0.922,1,-3.722,0,0.000256,0.0,0.213,0.36,170.337,182024,4
454,3Fq1hhM7Vp98b8tPzTUFd0,spotify:track:3Fq1hhM7Vp98b8tPzTUFd0,0.555,0.822,6,-4.946,1,0.00173,0.000409,0.16,0.574,130.95,206299,4
455,1ogmejlFy4cp0KGx7aR5xK,spotify:track:1ogmejlFy4cp0KGx7aR5xK,0.451,0.568,9,-7.433,1,4.37e-05,0.00061,0.0964,0.191,140.13,166937,4
456,6S4v4gsbOp1u5WLnwkc2ZI,spotify:track:6S4v4gsbOp1u5WLnwkc2ZI,0.765,0.633,2,-4.882,1,0.169,2.04e-05,0.115,0.893,116.039,159010,4
457,2XnbOprkhj1iz8eATZa12l,spotify:track:2XnbOprkhj1iz8eATZa12l,0.35,0.712,7,-6.13,1,9.8e-05,0.161,0.251,0.343,106.252,209680,4
458,5vdLIDyjCWDzUGx71q3nOa,spotify:track:5vdLIDyjCWDzUGx71q3nOa,0.358,0.943,4,-5.576,1,0.00139,0.00297,0.316,0.258,171.991,238587,4
459,4K6Q3zOTS6KvPcJS1jMl4Q,spotify:track:4K6Q3zOTS6KvPcJS1jMl4Q,0.647,0.699,0,-3.088,1,0.33,2.25e-06,0.088,0.473,134.966,198422,4
460,6kG3qEXGFZCC4OfGCRBW15,spotify:track:6kG3qEXGFZCC4OfGCRBW15,0.547,0.811,0,-4.633,1,0.00103,0.0,0.283,0.438,90.485,150404,4
461,1tmOC0PqokvkmDcPVt3K0r,spotify:track:1tmOC0PqokvkmDcPVt3K0r,0.331,0.898,2,-3.405,1,0.000374,0.0,0.439,0.257,143.672,177083,4
462,4onixPTyzrU7mWmmYIDJiN,spotify:track:4onixPTyzrU7mWmmYIDJiN,0.56,0.909,8,-3.805,1,0.00639,0.0,0.361,0.369,118.024,209491,4
463,4SAvheoSWHW4oAJRsEQZlj,spotify:track:4SAvheoSWHW4oAJRsEQZlj,0.309,0.818,4,-6.9,1,0.0015,1.02e-05,0.25,0.55,122.649,147827,4
464,2q0iZAzSEPeD0YghkHYrdu,spotify:track:2q0iZAzSEPeD0YghkHYrdu,0.205,0.856,7,-4.838,1,0.0358,0.000127,0.373,0.388,154.036,236257,4
465,6sUdyIYXWG087E59WIUevg,spotify:track:6sUdyIYXWG087E59WIUevg,0.413,0.867,11,-6.413,0,0.0111,0.00416,0.0607,0.653,169.893,187328,4
466,2cXWUJtzAcP82C63V4WHsq,spotify:track:2cXWUJtzAcP82C63V4WHsq,0.615,0.875,9,-4.501,1,0.000945,8.76e-06,0.113,0.56,124.968,237623,4
467,2TF8s1A5ncPQIREic3gwXn,spotify:track:2TF8s1A5ncPQIREic3gwXn,0.404,0.935,6,-4.147,0,1.39e-05,0.686,0.14,0.385,76.004,177212,4
468,65Dlo5TaWyYwDlAQjbb7ws,spotify:track:65Dlo5TaWyYwDlAQjbb7ws,0.164,0.905,0,-4.146,0,9.51e-05,0.0116,0.855,0.25,97.653,263443,1
469,1aTNZs2FoidnysQMbPo3Zo,spotify:track:1aTNZs2FoidnysQMbPo3Zo,0.442,0.967,8,-3.497,1,0.00025,1.09e-05,0.155,0.377,164.006,171575,3
470,60uyVKK6KRhYK6ceJEbdjN,spotify:track:60uyVKK6KRhYK6ceJEbdjN,0.48,0.96,9,-3.422,1,0.00143,0.000183,0.545,0.191,131.043,246232,4
471,0Hmr9yk4xHoRnI2Fv4IX7S,spotify:track:0Hmr9yk4xHoRnI2Fv4IX7S,0.663,0.65,7,-11.719,1,0.0189,0.00252,0.313,0.653,123.967,195000,4
472,3kfqUPLJQXCjmtC83FWAx2,spotify:track:3kfqUPLJQXCjmtC83FWAx2,0.408,0.741,1,-6.66,1,0.0184,0.0,0.0694,0.33,167.992,156213,4
473,17p5v3CWqagIm4jryEpnFO,spotify:track:17p5v3CWqagIm4jryEpnFO,0.604,0.691,2,-7.208,1,0.384,0.00119,0.106,0.441,96.04,132230,4
474,2UE7icsfsSdhqI5IEugp6y,spotify:track:2UE7icsfsSdhqI5IEugp6y,0.58,0.858,9,-4.344,0,0.000196,0.44,0.0505,0.214,118.002,185066,4
475,0qv3e08PTZ4Wq7prI3Wd1q,spotify:track:0qv3e08PTZ4Wq7prI3Wd1q,0.439,0.91,4,-4.766,1,0.000206,0.0073,0.387,0.562,159.904,163960,4
476,1YykS8hWW5fxvRBsjqJzoz,spotify:track:1YykS8hWW5fxvRBsjqJzoz,0.412,0.917,9,-4.967,1,2.73e-05,0.00091,0.0744,0.496,81.569,252173,4
477,0BgznXTc2uhAWCNAkhyzi9,spotify:track:0BgznXTc2uhAWCNAkhyzi9,0.557,0.874,7,-3.581,0,0.00056,6.89e-06,0.137,0.534,112.517,213600,4
478,2p5LjvjZlMSxxwNUtDyG5x,spotify:track:2p5LjvjZlMSxxwNUtDyG5x,0.591,0.92,5,-4.135,0,0.000825,0.0,0.121,0.472,92.009,190231,4
479,7aBlXz5oLZfkpUAUQdgS0S,spotify:track:7aBlXz5oLZfkpUAUQdgS0S,0.564,0.925,8,-4.219,1,0.000376,1.55e-06,0.104,0.733,148.039,214053,4
480,7DXBItTPwL8OpsbXdj58Fl,spotify:track:7DXBItTPwL8OpsbXdj58Fl,0.583,0.886,4,-3.888,1,0.00172,1.15e-06,0.434,0.635,106.008,224310,4
481,2P8gpYwOOL37vKoDqCFXS9,spotify:track:2P8gpYwOOL37vKoDqCFXS9,0.501,0.874,6,-3.229,0,0.000407,0.0,0.407,0.532,100.066,186906,4
482,1MtgVw093BemZtwbDZyHqj,spotify:track:1MtgVw093BemZtwbDZyHqj,0.59,0.836,11,-3.728,0,0.000572,0.0,0.216,0.662,127.023,174428,4
483,0llPOBVoJYDAtdmVlNE41A,spotify:track:0llPOBVoJYDAtdmVlNE41A,0.645,0.767,1,-5.202,1,0.0405,0.0,0.092,0.613,114.011,204933,4
484,35N9LmzkCjMd2ZmAATzG6U,spotify:track:35N9LmzkCjMd2ZmAATzG6U,0.543,0.941,10,-3.085,0,0.000184,0.0,0.368,0.602,93.531,197547,4
485,7LMXRhf27EwcBQo2oLkcBa,spotify:track:7LMXRhf27EwcBQo2oLkcBa,0.186,0.904,7,-4.505,1,0.00015,1.14e-05,0.154,0.163,173.856,341166,4
486,6iox0DMrowvaE2BwqJ0mnd,spotify:track:6iox0DMrowvaE2BwqJ0mnd,0.427,0.877,6,-4.897,0,0.000111,0.00011,0.0845,0.488,168.393,186832,4
487,0cZLr41IF4Gocxfja74isP,spotify:track:0cZLr41IF4Gocxfja74isP,0.563,0.678,4,-7.516,1,0.0741,8.44e-06,0.0743,0.439,98.439,269767,4
488,5KX6pJzC4bkO1QF3VGty3M,spotify:track:5KX6pJzC4bkO1QF3VGty3M,0.731,0.701,3,-5.809,1,0.0108,0.000132,0.0638,0.834,115.001,303636,4
489,512WleoOsqH7fBTtfCUXMQ,spotify:track:512WleoOsqH7fBTtfCUXMQ,0.508,0.905,11,-5.034,0,0.000886,0.0,0.429,0.328,140.102,208179,4
490,4KgI52UdIGZC5YdMpVYAOS,spotify:track:4KgI52UdIGZC5YdMpVYAOS,0.629,0.903,9,-1.547,1,0.053,2.11e-05,0.604,0.439,123.028,198748,4
491,2A1vltKnglFQrMFEUoyFSE,spotify:track:2A1vltKnglFQrMFEUoyFSE,0.49,0.856,5,-3.597,0,0.000348,0.0,0.787,0.682,84.965,231386,4
492,4zD1UlSWZ1YvG9pJmjVXZ8,spotify:track:4zD1UlSWZ1YvG9pJmjVXZ8,0.441,0.908,9,-4.862,1,6e-05,2e-05,0.0737,0.0977,75.031,240726,4
493,1eDMcpnxaWCIBVzv9ZSR8X,spotify:track:1eDMcpnxaWCIBVzv9ZSR8X,0.405,0.73,1,-4.507,0,0.0527,0.0,0.064,0.166,140.131,218538,4
494,6nec44wvnLf92ohS4ODUfA,spotify:track:6nec44wvnLf92ohS4ODUfA,0.456,0.817,2,-5.264,0,0.000605,7.48e-06,0.245,0.713,75.989,257420,4
495,2XaZcy1CBRqfEpvy4JuJLr,spotify:track:2XaZcy1CBRqfEpvy4JuJLr,0.682,0.763,6,-4.393,0,0.0581,1.38e-05,0.283,0.509,121.322,184164,4
496,304fddzE78zrBtZv42biyB,spotify:track:304fddzE78zrBtZv42biyB,0.56,0.364,9,-6.464,1,0.0017,0.0099,0.0708,0.425,126.292,223867,4
497,6Cg9KS7mamFAA0UYrlnLYI,spotify:track:6Cg9KS7mamFAA0UYrlnLYI,0.688,0.842,8,-2.449,1,0.00139,4.09e-06,0.27,0.677,120.111,176321,4
498,2KlAdT5Y6515sZdOPka8sA,spotify:track:2KlAdT5Y6515sZdOPka8sA,0.478,0.937,7,-3.885,1,0.00237,0.122,0.478,0.13,89.96,267877,4
499,7KcGQ9oNG74zlRGdh9kjRv,spotify:track:7KcGQ9oNG74zlRGdh9kjRv,0.475,0.892,1,-3.844,1,0.000379,0.0,0.0402,0.835,183.032,178838,3
500,5K1xDFLtlk8PXBLt3ke5Eu,spotify:track:5K1xDFLtlk8PXBLt3ke5Eu,0.53,0.839,1,-4.956,1,0.00149,0.00118,0.14,0.181,100.969,152587,3
501,4KeKMDxuBO6hlwGIJtRpxS,spotify:track:4KeKMDxuBO6hlwGIJtRpxS,0.409,0.925,3,-3.889,0,0.000131,0.000907,0.135,0.214,135.009,215275,4
502,158lKbSQmYwxDU9rQpN11R,spotify:track:158lKbSQmYwxDU9rQpN11R,0.499,0.919,2,-4.566,0,0.000252,0.0,0.0428,0.29,134.932,194446,4
503,21k6owSOcKiNOwzmq69wTn,spotify:track:21k6owSOcKiNOwzmq69wTn,0.534,0.927,0,-4.545,1,0.000755,1.77e-05,0.112,0.242,109.078,276076,4
504,6ytItZ3KVkWze4Boa8tNP1,spotify:track:6ytItZ3KVkWze4Boa8tNP1,0.493,0.943,2,-3.493,1,0.000236,0.0,0.115,0.539,155.011,227000,4
505,5WFkQAuARYEAslWRkSxdke,spotify:track:5WFkQAuARYEAslWRkSxdke,0.604,0.609,5,-5.584,1,0.000897,1.85e-06,0.13,0.448,110.042,131609,4
506,4AbYZMzeVqGE8Ys4wbI0PT,spotify:track:4AbYZMzeVqGE8Ys4wbI0PT,0.381,0.708,5,-6.333,0,0.00354,0.0,0.0812,0.416,162.431,164484,4
507,70nmpLYSyZ58QTUzUiB1VA,spotify:track:70nmpLYSyZ58QTUzUiB1VA,0.583,0.835,2,-7.16,0,0.355,0.0312,0.0785,0.438,160.049,189587,3
508,3mFFL4AvGi0t2RhZ66GtYC,spotify:track:3mFFL4AvGi0t2RhZ66GtYC,0.75,0.736,8,-5.405,0,0.517,1.23e-05,0.0866,0.579,97.032,232133,4
509,1uQ5oCjZvQsMZaBFAdkSuF,spotify:track:1uQ5oCjZvQsMZaBFAdkSuF,0.492,0.72,1,-4.588,1,0.000555,3.65e-05,0.137,0.458,176.967,129880,4
510,4Q1sfRyQumjyWD1xX2Xnyo,spotify:track:4Q1sfRyQumjyWD1xX2Xnyo,0.683,0.834,2,-3.742,1,0.141,9.84e-05,0.0487,0.889,94.653,232467,4
511,6CjJtGi2x7xiBghJ4E8YIN,spotify:track:6CjJtGi2x7xiBghJ4E8YIN,0.316,0.966,2,-2.902,1,0.0065,0.000118,0.331,0.209,163.526,109388,4
512,2JxPgHghyuG0SKNy8htBWg,spotify:track:2JxPgHghyuG0SKNy8htBWg,0.599,0.854,4,0.829,0,0.648,0.0,0.098,0.449,139.995,142286,4
513,1WAjkljaKkFILaxlsGlSfh,spotify:track:1WAjkljaKkFILaxlsGlSfh,0.744,0.926,11,-4.695,0,0.124,0.00203,0.0885,0.649,99.949,226680,3
514,5vQZx1fJP94gDdECHuI4ZR,spotify:track:5vQZx1fJP94gDdECHuI4ZR,0.384,0.909,4,-3.117,0,0.0635,0.0,0.119,0.274,134.491,199531,4
515,6DrrY8ardpYRyF90mzN0jF,spotify:track:6DrrY8ardpYRyF90mzN0jF,0.78,0.51,11,-8.115,0,0.332,0.00025,0.0731,0.722,154.057,166627,4
516,0nJbXArCCbkRflshkWQUJM,spotify:track:0nJbXArCCbkRflshkWQUJM,0.757,0.772,9,-6.807,1,0.00829,0.0,0.221,0.221,131.023,179508,4
517,1jbBmjncsqWO0oa81kGrCO,spotify:track:1jbBmjncsqWO0oa81kGrCO,0.49,0.4,1,-7.341,1,0.483,0.00295,0.112,0.105,99.198,158240,4
518,4C4GC99d5OBAUtlCnsSGh7,spotify:track:4C4GC99d5OBAUtlCnsSGh7,0.315,0.953,5,-3.998,1,0.0111,0.000721,0.381,0.405,119.948,253127,4
519,6fReWEXkgRzOaLwT8fNbXb,spotify:track:6fReWEXkgRzOaLwT8fNbXb,0.723,0.848,9,-4.961,1,0.0249,0.358,0.141,0.47,92.495,177732,4
520,0eXkUXr4wJ3Orruk8S1cpW,spotify:track:0eXkUXr4wJ3Orruk8S1cpW,0.791,0.775,1,-6.919,0,0.0482,5.07e-06,0.0709,0.845,104.993,174435,4
521,596pY5JqwSgSqM8cA4A0rg,spotify:track:596pY5JqwSgSqM8cA4A0rg,0.562,0.895,11,-5.007,0,0.000241,0.368,0.535,0.452,109.598,212707,4
522,1irb49XkVPBjDpy0pckq5M,spotify:track:1irb49XkVPBjDpy0pckq5M,0.31,0.857,10,-5.427,0,0.051,0.0,0.292,0.537,92.974,150834,4
523,2VOtwqdoceXN37vDafReh5,spotify:track:2VOtwqdoceXN37vDafReh5,0.569,0.792,1,-4.283,0,0.062,0.0,0.176,0.702,75.533,205432,4
524,4eWCIVuL2da2h1gJn047Et,spotify:track:4eWCIVuL2da2h1gJn047Et,0.486,0.931,4,-4.992,0,0.014,1.77e-06,0.289,0.42,75.099,170426,4
525,6tL8gSH1BWB5noSIac3uGZ,spotify:track:6tL8gSH1BWB5noSIac3uGZ,0.545,0.847,2,-5.882,1,0.000459,0.00153,0.436,0.573,130.051,135467,4
526,5qPvBmcIscVajn1Fh3QXhO,spotify:track:5qPvBmcIscVajn1Fh3QXhO,0.432,0.865,7,-5.59,0,0.00196,0.0,0.339,0.646,174.703,161201,4
527,55h5xNwW8na2bHKlZUfHh7,spotify:track:55h5xNwW8na2bHKlZUfHh7,0.474,0.942,4,-2.813,0,0.0119,0.0,0.0887,0.564,135.061,209952,4
528,0sRAH3UW1W7jUo3CZq0OAH,spotify:track:0sRAH3UW1W7jUo3CZq0OAH,0.309,0.894,2,-4.161,0,0.00985,0.000957,0.0843,0.426,187.944,190444,4
529,6gWUB6hS6SuyvaKzYAltn8,spotify:track:6gWUB6hS6SuyvaKzYAltn8,0.345,0.973,3,-3.933,0,2.17e-06,0.92,0.134,0.396,182.051,282676,4
530,6HWBhda8t2Q68wg3U8T2lf,spotify:track:6HWBhda8t2Q68wg3U8T2lf,0.597,0.788,1,-4.527,0,0.0279,0.000214,0.358,0.153,159.958,174066,4
531,4nMFMqVM440l2mLLHqT5lj,spotify:track:4nMFMqVM440l2mLLHqT5lj,0.834,0.501,7,-6.951,1,0.489,5.74e-05,0.096,0.41,119.959,238867,4
532,2d9UdLMMe80RNfuQcGmuIe,spotify:track:2d9UdLMMe80RNfuQcGmuIe,0.761,0.668,11,-7.698,1,0.0939,1.92e-06,0.0935,0.611,93.195,199089,4
533,3GIfxO4nC66ctxemNbsnja,spotify:track:3GIfxO4nC66ctxemNbsnja,0.482,0.659,1,-6.095,1,0.000232,0.00127,0.348,0.628,165.111,140560,4
534,32FxL1gNFABVzfK4gK2Ate,spotify:track:32FxL1gNFABVzfK4gK2Ate,0.408,0.993,1,-0.574,0,0.00525,1.22e-06,0.225,0.386,169.969,215294,4
535,6ceM12zLnXEBQ7JrF3rprq,spotify:track:6ceM12zLnXEBQ7JrF3rprq,0.753,0.803,9,-5.08,1,0.002,0.00012,0.586,0.803,125.004,129000,4
536,5j8B7LSCepVPnwUrNB4pXt,spotify:track:5j8B7LSCepVPnwUrNB4pXt,0.547,0.571,5,-4.997,1,0.00263,2.31e-05,0.101,0.677,164.967,131182,4
537,5mQCd8RqgT91gK4S9eDG1t,spotify:track:5mQCd8RqgT91gK4S9eDG1t,0.256,0.651,11,-6.814,0,0.00038,7.36e-06,0.11,0.0763,77.89,217582,4
538,4LAI7qgpkx8uoMdpobZrPg,spotify:track:4LAI7qgpkx8uoMdpobZrPg,0.519,0.874,1,-4.344,1,0.007,4.61e-06,0.14,0.625,169.012,193136,4
539,2z1tHGVkMogil6jUCbZowQ,spotify:track:2z1tHGVkMogil6jUCbZowQ,0.599,0.958,5,-5.724,0,0.011,0.0142,0.183,0.81,183.987,149389,4
540,5DNLtVGw0jGfHVDtuZHs3g,spotify:track:5DNLtVGw0jGfHVDtuZHs3g,0.617,0.949,5,-3.325,0,0.0378,0.0,0.358,0.531,149.887,220102,4
541,0E1TLWwSi8h5QvD1uqVYCR,spotify:track:0E1TLWwSi8h5QvD1uqVYCR,0.393,0.852,11,-8.093,1,0.0134,0.0,0.699,0.285,175.07,116575,4
542,4ySch7clKEIT3h3GXDNBWR,spotify:track:4ySch7clKEIT3h3GXDNBWR,0.636,0.869,11,-3.289,1,0.000543,0.002,0.125,0.571,111.053,194431,4
543,3mZJV1uUmapZbuPJP33Ej5,spotify:track:3mZJV1uUmapZbuPJP33Ej5,0.283,0.99,6,-4.961,1,0.00511,0.0,0.313,0.341,87.589,155957,4
544,0RxvS6KLWG0SYqQJnhHIpM,spotify:track:0RxvS6KLWG0SYqQJnhHIpM,0.368,0.917,1,-4.06,1,6.68e-06,0.501,0.0675,0.154,88.464,202908,4
545,6fipbTytF7EemCZiutVtOl,spotify:track:6fipbTytF7EemCZiutVtOl,0.826,0.794,10,-5.544,0,0.00102,0.000268,0.357,0.464,135.054,121783,4
546,5h9OEJVqCiHxxffA9YlQA1,spotify:track:5h9OEJVqCiHxxffA9YlQA1,0.49,0.934,1,-4.425,1,0.000276,0.000187,0.575,0.491,119.835,221220,4
547,20Xj7F8TKGEmDbAsbVGmav,spotify:track:20Xj7F8TKGEmDbAsbVGmav,0.682,0.84,10,-5.245,1,0.24,3.06e-06,0.296,0.62,117.601,165067,4
548,5rWy99nNNONycsObYOMzHx,spotify:track:5rWy99nNNONycsObYOMzHx,0.499,0.846,1,-6.531,1,0.244,0.0,0.0946,0.581,139.746,153963,4
549,7smNyoh7fzczIYUOAoM4uJ,spotify:track:7smNyoh7fzczIYUOAoM4uJ,0.58,0.94,2,-2.185,1,0.000486,0.0,0.318,0.736,97.05,191067,4
550,09fJxz3rLdV0eWQTRHXzdY,spotify:track:09fJxz3rLdV0eWQTRHXzdY,0.552,0.936,9,-5.123,0,0.000241,8.53e-05,0.305,0.65,90.958,170970,4
551,77MoMOxdBmjtIeC0oIbLoO,spotify:track:77MoMOxdBmjtIeC0oIbLoO,0.344,0.902,1,-3.985,0,0.0726,0.0108,0.127,0.331,129.949,202986,4
552,1KaZWvFJELretod1Gk98nS,spotify:track:1KaZWvFJELretod1Gk98nS,0.454,0.782,2,-6.645,0,2.15e-05,0.482,0.128,0.206,155.027,284968,4
553,56KHcZ1DEkj3ixRCoxOean,spotify:track:56KHcZ1DEkj3ixRCoxOean,0.674,0.691,11,-4.406,0,0.19,0.0,0.117,0.485,145.097,140571,4
554,516AojuldUfpp7HCk1CIA0,spotify:track:516AojuldUfpp7HCk1CIA0,0.484,0.965,1,-3.152,1,4.94e-05,0.0,0.362,0.394,122.027,193120,4
555,10t72oj1mOIkWNZReYjO0J,spotify:track:10t72oj1mOIkWNZReYjO0J,0.302,0.951,8,-4.14,1,8.25e-05,0.000828,0.0685,0.664,90.981,92600,4
556,2JrozyGS7r75L39rt3xoGx,spotify:track:2JrozyGS7r75L39rt3xoGx,0.468,0.984,5,-4.083,0,0.000267,0.0123,0.136,0.497,138.886,203455,4
557,6aUOOz8yi26EOEy7ChtaNm,spotify:track:6aUOOz8yi26EOEy7ChtaNm,0.339,0.943,2,-7.547,1,4.38e-06,0.00999,0.32,0.439,149.942,188808,4
558,2LP4LllG0k6nSvAtbe60Xr,spotify:track:2LP4LllG0k6nSvAtbe60Xr,0.282,0.745,9,-6.788,1,0.00086,0.00311,0.213,0.472,131.832,212958,5
559,2hHLMZd2Jwg3ytJGxpN40m,spotify:track:2hHLMZd2Jwg3ytJGxpN40m,0.535,0.798,2,-5.87,1,0.00112,0.0629,0.0814,0.407,119.564,170709,4
560,7HJ6iRh7uQ2kC0WTfOo5ME,spotify:track:7HJ6iRh7uQ2kC0WTfOo5ME,0.191,0.69,9,-3.988,0,4.28e-05,0.0,0.215,0.478,142.553,160472,4
561,2YAZEyMTGG5T0bnCvdj02o,spotify:track:2YAZEyMTGG5T0bnCvdj02o,0.496,0.907,1,-8.544,1,0.0556,0.02,0.317,0.322,176.912,152607,4
562,3Gwh2VbVdHbcc4zYdAugt5,spotify:track:3Gwh2VbVdHbcc4zYdAugt5,0.517,0.943,8,-2.509,1,0.101,0.874,0.172,0.776,157.076,151960,4
563,0e6cllU5p2HDCFm2cyKSai,spotify:track:0e6cllU5p2HDCFm2cyKSai,0.428,0.905,1,-4.384,1,0.000193,6.29e-06,0.33,0.782,99.286,149548,4
564,6RYRFuYDMyJIzmzLprp9rZ,spotify:track:6RYRFuYDMyJIzmzLprp9rZ,0.638,0.705,4,-6.353,1,0.464,0.0432,0.253,0.446,119.991,179000,4
565,45t5U9tRXXYjp40w4PZpgU,spotify:track:45t5U9tRXXYjp40w4PZpgU,0.53,0.804,9,-4.835,1,0.00118,0.000179,0.117,0.4,145.052,247660,3
566,1MyG8JxwY3hosoRPgpuWJ1,spotify:track:1MyG8JxwY3hosoRPgpuWJ1,0.387,0.875,11,-4.68,0,0.00111,0.0178,0.121,0.538,165.129,254547,4
567,6kEm8jmIdg1b8sguGAYqxI,spotify:track:6kEm8jmIdg1b8sguGAYqxI,0.694,0.544,4,-6.487,0,0.0316,0.0178,0.278,0.486,121.925,187869,4
568,1B7XSl075FcGoHjnHMoiIK,spotify:track:1B7XSl075FcGoHjnHMoiIK,0.468,0.563,4,-1.685,0,0.239,6.22e-06,0.0711,0.346,174.096,253792,1
569,3VWAcQuJUg4MaxDJFylZ4i,spotify:track:3VWAcQuJUg4MaxDJFylZ4i,0.376,0.933,8,-4.353,1,0.000117,1.75e-06,0.0979,0.242,184.128,198474,4
570,6znXPfipGONtr0rRwqyij0,spotify:track:6znXPfipGONtr0rRwqyij0,0.675,0.73,0,-7.473,1,0.00143,0.00346,0.159,0.295,144.986,207189,4
571,5lWRaa0fBxDE5yU91npPq7,spotify:track:5lWRaa0fBxDE5yU91npPq7,0.638,0.906,2,-4.824,1,0.0662,6.88e-05,0.142,0.767,107.991,209200,4
572,7HdXRMw14roDx2a0COWk3M,spotify:track:7HdXRMw14roDx2a0COWk3M,0.731,0.807,2,-5.185,1,0.00475,0.00328,0.127,0.625,123.052,206701,4
573,09DR0sHnQUhHOiSNttc1mv,spotify:track:09DR0sHnQUhHOiSNttc1mv,0.502,0.798,1,-5.909,1,0.00291,1.11e-05,0.0979,0.307,126.976,234933,4
574,7L3b6iaVhDVjfo52Hbvh9Z,spotify:track:7L3b6iaVhDVjfo52Hbvh9Z,0.591,0.804,0,-7.299,1,0.327,5.98e-06,0.0818,0.658,111.457,329413,4
575,6pPWRBubXOBAHnjl5ZIujB,spotify:track:6pPWRBubXOBAHnjl5ZIujB,0.662,0.737,0,-9.54,1,0.108,0.0191,0.119,0.744,103.867,329800,4
576,2Cdvbe2G4hZsnhNMKyGrie,spotify:track:2Cdvbe2G4hZsnhNMKyGrie,0.535,0.716,4,-5.025,1,0.326,0.0,0.659,0.901,94.379,175173,4
577,2lE7oRoKssULAtbWViL385,spotify:track:2lE7oRoKssULAtbWViL385,0.657,0.655,0,-8.3,1,0.135,0.00303,0.102,0.668,92.259,222013,4
578,7xdHw4C522RbsxHL9KD9L6,spotify:track:7xdHw4C522RbsxHL9KD9L6,0.64,0.674,0,-7.605,1,0.0907,0.00184,0.16,0.275,156.96,213102,4
579,1YocvD67rXtMiItLFRXIbD,spotify:track:1YocvD67rXtMiItLFRXIbD,0.496,0.826,0,-5.74,0,0.00175,6.64e-05,0.17,0.654,152.381,142840,4
580,1PtQJZVZIdWIYdARpZRDFO,spotify:track:1PtQJZVZIdWIYdARpZRDFO,0.629,0.545,10,-13.123,0,0.719,0.00308,0.0604,0.194,108.376,298933,4
581,0jWgAnTrNZmOGmqgvHhZEm,spotify:track:0jWgAnTrNZmOGmqgvHhZEm,0.565,0.564,2,-10.044,1,0.161,0.0,0.114,0.454,134.358,295533,4
582,38bHLl4pznhxzRJLuw1OA7,spotify:track:38bHLl4pznhxzRJLuw1OA7,0.545,0.73,4,-12.046,0,0.0147,0.0995,0.146,0.68,137.134,262160,4
583,7EZC6E7UjZe63f1jRmkWxt,spotify:track:7EZC6E7UjZe63f1jRmkWxt,0.309,0.649,7,-8.994,1,0.0158,0.00591,0.367,0.312,166.915,306440,4
584,0COqiPhxzoWICwFCS4eZcp,spotify:track:0COqiPhxzoWICwFCS4eZcp,0.331,0.943,4,-3.188,0,0.00721,2.06e-06,0.242,0.296,94.612,235893,4
585,5xEM5hIgJ1jjgcEBfpkt2F,spotify:track:5xEM5hIgJ1jjgcEBfpkt2F,0.585,0.776,5,-5.898,1,0.0572,7.74e-06,0.3,0.427,77.987,244507,4
586,4XRvI0XtqdOGYeC36VkbwA,spotify:track:4XRvI0XtqdOGYeC36VkbwA,0.7,0.686,7,-6.888,0,0.00606,0.000345,0.447,0.302,111.021,263080,4
587,2nNdrstKD15nN3xR0KspgS,spotify:track:2nNdrstKD15nN3xR0KspgS,0.774,0.623,9,-5.956,1,0.295,0.0,0.259,0.801,98.216,184267,4
588,0lfPPoWG4b3OmhieJ2YDF0,spotify:track:0lfPPoWG4b3OmhieJ2YDF0,0.544,0.691,7,-7.056,1,0.0409,0.000164,0.108,0.312,95.451,324840,4
589,6kvoHl80mfCVTv7XnZkjQn,spotify:track:6kvoHl80mfCVTv7XnZkjQn,0.52,0.652,5,-6.655,1,0.339,6.14e-05,0.256,0.722,80.61,258787,4
590,1xKQbqQtQWrtQS47fUJBtl,spotify:track:1xKQbqQtQWrtQS47fUJBtl,0.443,0.727,4,-7.951,1,0.263,0.000141,0.169,0.566,160.82,253333,4
591,23Llyuevgg4Dt5vNdZcEEf,spotify:track:23Llyuevgg4Dt5vNdZcEEf,0.512,0.833,11,-4.555,1,4.16e-05,0.00134,0.21,0.448,121.47,236533,4
592,0XyjtybwqSdqMAFfBEkmZf,spotify:track:0XyjtybwqSdqMAFfBEkmZf,0.435,0.939,8,-3.845,0,0.0122,0.00466,0.0614,0.559,134.938,157333,4
593,0lIoY4ZQsdn5QzhraM9o9u,spotify:track:0lIoY4ZQsdn5QzhraM9o9u,0.466,0.763,11,-7.748,0,0.0542,0.0,0.119,0.473,123.539,204800,4
594,3m2Zd230K68bC4Qe961d9p,spotify:track:3m2Zd230K68bC4Qe961d9p,0.715,0.0885,9,-20.682,0,0.00485,0.00694,0.155,0.544,125.383,268827,4
595,1300POeOaj8qho30FRHjgf,spotify:track:1300POeOaj8qho30FRHjgf,0.631,0.638,7,-8.958,1,0.4,0.000516,0.216,0.812,133.739,305493,4
596,0JX23XA8E7aN1Chj32kgVn,spotify:track:0JX23XA8E7aN1Chj32kgVn,0.413,0.722,2,-5.875,1,0.00342,3.13e-06,0.0626,0.0803,109.948,257747,4
597,7ClwnN5j16cc6i5MqWFgHK,spotify:track:7ClwnN5j16cc6i5MqWFgHK,0.77,0.736,8,-4.98,0,0.0621,0.00843,0.109,0.577,112.018,201533,4
598,7cdnq45E9aP2XDStHg5vd7,spotify:track:7cdnq45E9aP2XDStHg5vd7,0.501,0.813,11,-8.192,1,0.0455,4.75e-05,0.131,0.495,136.59,138707,4
599,1KdwPeY1WRWQGHCmRJTveb,spotify:track:1KdwPeY1WRWQGHCmRJTveb,0.502,0.758,3,-9.76,1,0.00915,0.783,0.284,0.729,112.499,213693,4
600,0nys6GusuHnjSYLW0PYYb7,spotify:track:0nys6GusuHnjSYLW0PYYb7,0.684,0.749,7,-6.565,1,0.00135,0.111,0.141,0.935,160.021,196905,4
601,0mjOx4zUlL5t4rF1xnrfvi,spotify:track:0mjOx4zUlL5t4rF1xnrfvi,0.368,0.769,4,-5.002,1,0.000153,0.919,0.0657,0.378,187.239,196804,4
602,18DJQsejI5e1ZwO2wyuP2g,spotify:track:18DJQsejI5e1ZwO2wyuP2g,0.493,0.943,4,-3.321,1,0.000679,0.00897,0.134,0.493,96.997,234476,4
603,0ByTfwoYWdom6GlQ9BIdv2,spotify:track:0ByTfwoYWdom6GlQ9BIdv2,0.48,0.881,8,-2.828,0,0.000852,0.0,0.1,0.357,106.136,180261,4
604,1EQFOouqdKYdpbNoOHRVO2,spotify:track:1EQFOouqdKYdpbNoOHRVO2,0.671,0.599,4,-6.18,1,0.0658,0.0,0.101,0.448,121.849,159836,3
605,0uuxAXS1X7kH0WjC0nD6q9,spotify:track:0uuxAXS1X7kH0WjC0nD6q9,0.525,0.91,0,-3.173,1,0.00643,0.0,0.0859,0.723,138.893,190612,4
606,2bzUVEvpZ7At5cYz1kOLI9,spotify:track:2bzUVEvpZ7At5cYz1kOLI9,0.658,0.717,1,-4.257,0,0.0846,0.0022,0.12,0.595,133.074,193373,4
607,2V4Bc2I962j7acQj1N0PiQ,spotify:track:2V4Bc2I962j7acQj1N0PiQ,0.438,0.905,9,-6.161,1,9.44e-06,5.4e-05,0.363,0.723,134.163,162667,4
608,4hvCxgioUiT85MCgfIhDP3,spotify:track:4hvCxgioUiT85MCgfIhDP3,0.361,0.964,8,-4.59,0,0.000479,0.00199,0.137,0.216,151.879,281053,4
609,671W1lZGS9LcyzkMCRK3ve,spotify:track:671W1lZGS9LcyzkMCRK3ve,0.487,0.886,1,-4.158,1,0.00907,0.00876,0.259,0.237,91.015,281380,4
610,1ZngTOTM9nWJZOnG3vWkUF,spotify:track:1ZngTOTM9nWJZOnG3vWkUF,0.706,0.847,9,-4.671,1,0.0143,0.00326,0.059,0.841,120.03,152133,4
611,5Ng6UbryNd3eds2zQk9MUf,spotify:track:5Ng6UbryNd3eds2zQk9MUf,0.415,0.853,7,-11.098,1,0.0107,0.000499,0.536,0.302,148.494,197013,4
612,0vAGNjNpJhjZTxvtcGeAib,spotify:track:0vAGNjNpJhjZTxvtcGeAib,0.444,0.729,2,-5.442,0,0.00695,1.8e-06,0.0703,0.388,95.258,303593,4
613,1iOJzlWm2p8NOFYVHGGgq1,spotify:track:1iOJzlWm2p8NOFYVHGGgq1,0.496,0.792,7,-4.947,1,0.0249,0.0215,0.66,0.563,112.127,196213,4
614,0ABr9J6PURfUMOGwP8LI3h,spotify:track:0ABr9J6PURfUMOGwP8LI3h,0.546,0.885,7,-5.41,1,9.54e-05,0.0,0.317,0.579,117.036,207652,4
615,3kYWrBoFBQGctF0UwgP8N1,spotify:track:3kYWrBoFBQGctF0UwgP8N1,0.393,0.905,0,-4.167,1,0.17,9.75e-06,0.236,0.414,168.902,189707,4
616,0KJWZbtuvIdjal4URuxuPX,spotify:track:0KJWZbtuvIdjal4URuxuPX,0.454,0.79,9,-5.107,1,0.00854,2.94e-05,0.141,0.253,171.924,164693,4
617,4PDJDIdWxNN1AlnbrKkoPf,spotify:track:4PDJDIdWxNN1AlnbrKkoPf,0.498,0.713,2,-7.738,1,0.00393,0.0,0.0675,0.235,93.018,254419,4
618,0SqZvFpQbApABMTzwQ4rXh,spotify:track:0SqZvFpQbApABMTzwQ4rXh,0.399,0.752,1,-2.879,1,0.022,0.0,0.539,0.382,164.883,207636,4
619,1RKP6D6QvUStrPP5TvPnXA,spotify:track:1RKP6D6QvUStrPP5TvPnXA,0.58,0.84,4,-6.102,1,0.000152,0.000124,0.419,0.562,141.241,174258,4
620,68bkUm1FRsDXnGZOkXNTyR,spotify:track:68bkUm1FRsDXnGZOkXNTyR,0.699,0.81,3,-1.909,1,0.00944,0.0,0.107,0.885,118.074,147536,4
621,6dS27nDWBxG9CHagUyq5j0,spotify:track:6dS27nDWBxG9CHagUyq5j0,0.308,0.824,8,-2.975,1,0.000188,0.0,0.0654,0.455,167.203,187461,4
622,1dxx2lYR9cBgd3ULMG3Pc9,spotify:track:1dxx2lYR9cBgd3ULMG3Pc9,0.5,0.794,11,-3.699,0,0.000666,0.00023,0.12,0.427,160.127,148500,4
623,2uRxPwcuZYBBimdQOCDkFc,spotify:track:2uRxPwcuZYBBimdQOCDkFc,0.353,0.967,11,-3.994,1,0.00213,0.000512,0.355,0.675,188.942,101674,4
624,2yH6eL6f1Ada5MnmNpiPbr,spotify:track:2yH6eL6f1Ada5MnmNpiPbr,0.507,0.975,7,-2.922,0,0.000286,0.0,0.0784,0.426,141.984,199241,4
625,6xHaeHANs3uH5qabszr3dX,spotify:track:6xHaeHANs3uH5qabszr3dX,0.42,0.906,5,-3.941,1,0.0192,9.11e-06,0.121,0.248,172.002,150087,4
626,6KZS7UyCY1akaJGAp64Akl,spotify:track:6KZS7UyCY1akaJGAp64Akl,0.513,0.916,4,-3.191,0,0.00219,0.00113,0.338,0.474,96.095,158081,4
627,2ma25BxbSTq90j64a0SP60,spotify:track:2ma25BxbSTq90j64a0SP60,0.666,0.91,8,-3.853,1,0.00243,0.0261,0.321,0.927,127.956,146250,4
628,6P6h9RdPJxPWqFqpLFIYA9,spotify:track:6P6h9RdPJxPWqFqpLFIYA9,0.352,0.973,7,-3.25,1,1.07e-05,0.747,0.499,0.238,200.094,234000,4
629,5iQrF3TEjpz2tBZed7Qy9N,spotify:track:5iQrF3TEjpz2tBZed7Qy9N,0.655,0.905,3,-4.749,0,0.061,0.00963,0.0992,0.632,101.991,163737,4
630,77tCZA3Fnj8OEateXdr2l3,spotify:track:77tCZA3Fnj8OEateXdr2l3,0.582,0.807,5,-5.25,0,0.0175,0.0785,0.535,0.225,108.006,249600,4
631,1IcUvKPxQSbGCL4fhf0oaK,spotify:track:1IcUvKPxQSbGCL4fhf0oaK,0.489,0.85,11,-8.975,0,0.00325,0.00251,0.0872,0.223,104.014,237115,4
632,2Kgnj7OQEdaiFIayFmplKC,spotify:track:2Kgnj7OQEdaiFIayFmplKC,0.333,0.931,5,-4.405,0,0.00183,0.337,0.222,0.186,134.022,242516,4
633,1tIGcUQ6KmEYJbn4iSIVsz,spotify:track:1tIGcUQ6KmEYJbn4iSIVsz,0.603,0.788,6,-5.358,1,0.00183,1.49e-06,0.342,0.185,106.05,194419,4
634,7yrYMaKFnsQlTvCUrxeLmQ,spotify:track:7yrYMaKFnsQlTvCUrxeLmQ,0.251,0.841,10,-3.354,1,0.0156,0.0,0.287,0.447,171.462,206667,4
635,4Xg1iXyfUL2pIVd5IpnSqD,spotify:track:4Xg1iXyfUL2pIVd5IpnSqD,0.396,0.757,7,-5.372,1,0.00133,1.04e-05,0.438,0.393,172.027,196458,4
636,1iK6objrHYqNj6TjFhbEKJ,spotify:track:1iK6objrHYqNj6TjFhbEKJ,0.234,0.841,9,-6.826,0,0.000474,0.206,0.0789,0.135,144.763,213000,4
637,6XUBPgFdIlPKJtOGM4OLf6,spotify:track:6XUBPgFdIlPKJtOGM4OLf6,0.827,0.712,0,-4.903,1,0.0189,0.00065,0.15,0.439,131.996,310595,4
638,2WEMin1qNkcJUtYiviSIka,spotify:track:2WEMin1qNkcJUtYiviSIka,0.662,0.743,9,-2.816,1,0.00788,1.97e-05,0.174,0.802,158.036,181853,4
639,59gcuFEGvp32erxYFekyG4,spotify:track:59gcuFEGvp32erxYFekyG4,0.51,0.824,11,-6.322,1,0.0303,0.0094,0.0813,0.786,159.946,163026,4
640,6vitrLyJKoMUUC87JsgIAY,spotify:track:6vitrLyJKoMUUC87JsgIAY,0.853,0.609,9,-5.536,1,0.0538,0.223,0.0624,0.964,108.401,291507,4
641,5ONf8kAdBz9gmNxCDeV2Id,spotify:track:5ONf8kAdBz9gmNxCDeV2Id,0.696,0.557,0,-11.194,1,0.347,0.0275,0.0915,0.527,136.874,193818,4
642,6pmDHODsAiR8PZtlJZnJmC,spotify:track:6pmDHODsAiR8PZtlJZnJmC,0.432,0.853,7,-4.61,1,0.0801,0.00243,0.129,0.844,139.502,294400,4
643,43Yg5dz1OkeM88weT4ttt1,spotify:track:43Yg5dz1OkeM88weT4ttt1,0.45,0.86,0,-5.391,0,0.0031,0.00427,0.179,0.559,90.014,226873,4
644,7lo2Wos97Xq6DFHURcsxeQ,spotify:track:7lo2Wos97Xq6DFHURcsxeQ,0.246,0.904,9,-5.904,1,0.154,0.386,0.343,0.487,208.077,235326,4
645,4j3obTRIyR7QzvdeQz9vaO,spotify:track:4j3obTRIyR7QzvdeQz9vaO,0.302,0.854,2,-6.619,1,0.102,1.45e-06,0.0835,0.589,156.278,244827,4
646,7C3spWvGOaxzAP7NM96R8O,spotify:track:7C3spWvGOaxzAP7NM96R8O,0.705,0.602,1,-9.969,1,0.121,0.0623,0.365,0.773,106.992,182480,4
647,3jEJQGprFXpeICSRtPKGDc,spotify:track:3jEJQGprFXpeICSRtPKGDc,0.525,0.45,7,-10.005,1,0.282,0.0136,0.173,0.32,86.155,308293,4
648,1mSYUtXT32YJZg2cALSq0O,spotify:track:1mSYUtXT32YJZg2cALSq0O,0.65,0.624,7,-7.57,1,4.21e-05,0.372,0.107,0.192,95.012,293707,4
649,6percMBXinlT4Bbfm0fMrt,spotify:track:6percMBXinlT4Bbfm0fMrt,0.651,0.721,9,-7.618,1,0.0797,0.00202,0.0926,0.83,125.978,188493,4
650,2WK1Qf0orCfuJcl1YPpSkw,spotify:track:2WK1Qf0orCfuJcl1YPpSkw,0.588,0.834,4,-5.665,0,0.118,2.83e-05,0.212,0.871,93.114,192067,4
651,1TJmuC4kMe1ewZdybH159I,spotify:track:1TJmuC4kMe1ewZdybH159I,0.354,0.994,11,-1.58,0,0.0228,3.28e-05,0.318,0.0986,144.978,223785,4
652,1AvavliFQoc2l0ZCCWa5VG,spotify:track:1AvavliFQoc2l0ZCCWa5VG,0.0657,0.943,8,-2.71,1,0.000114,0.00016,0.313,0.264,190.555,392307,4
653,4ZxEF6c6dHYiRkGQjsZEY5,spotify:track:4ZxEF6c6dHYiRkGQjsZEY5,0.418,0.571,3,-9.139,1,0.0398,0.487,0.106,0.516,189.957,259113,4
654,7j5Q3zhjvpQvMeoPSZwdsa,spotify:track:7j5Q3zhjvpQvMeoPSZwdsa,0.6,0.881,0,-9.478,1,0.29,0.851,0.222,0.936,124.977,419240,4
655,6MUkmOa0a51JJbPEbaOIoS,spotify:track:6MUkmOa0a51JJbPEbaOIoS,0.371,0.887,7,-6.592,1,0.0703,1.41e-05,0.136,0.669,152.654,210360,4
656,5KIYVXGdws1ZhZYNJHo0st,spotify:track:5KIYVXGdws1ZhZYNJHo0st,0.493,0.787,2,-7.712,1,0.0224,0.00227,0.253,0.88,160.12,192854,4
657,6q0JHhBfkVIDTvWo5uQJSc,spotify:track:6q0JHhBfkVIDTvWo5uQJSc,0.293,0.96,1,-1.822,0,0.00875,0.0623,0.435,0.324,124.406,240200,4
658,0NUvVHePKuwNd3dkVt2DGC,spotify:track:0NUvVHePKuwNd3dkVt2DGC,0.511,0.95,6,-4.121,0,0.000169,0.0113,0.328,0.845,119.784,278813,4
659,6dgNSYxHgPruJtgISdi61C,spotify:track:6dgNSYxHgPruJtgISdi61C,0.326,0.908,9,-2.696,1,0.0118,0.0,0.367,0.587,182.521,158547,4
660,51TM4SSltkpKkL0ZlrpfCg,spotify:track:51TM4SSltkpKkL0ZlrpfCg,0.559,0.358,0,-8.876,1,0.0332,5.66e-05,0.27,0.222,119.979,256480,4
661,5TL5YGo0Lj8PgjgHoNIJDS,spotify:track:5TL5YGo0Lj8PgjgHoNIJDS,0.544,0.609,9,-9.741,0,0.205,0.00502,0.111,0.473,155.39,286533,4
662,2xE7912IhBp4poxLjOS6WJ,spotify:track:2xE7912IhBp4poxLjOS6WJ,0.164,0.84,0,-2.749,1,0.00108,0.00458,0.134,0.217,104.059,336219,4
663,0nuTaK1uPw4BP4ql1n8ypr,spotify:track:0nuTaK1uPw4BP4ql1n8ypr,0.609,0.805,2,-4.471,1,0.212,0.0,0.194,0.574,143.983,173293,4
664,5WyuRWUcOOhAic0tj9Pl28,spotify:track:5WyuRWUcOOhAic0tj9Pl28,0.458,0.502,5,-10.186,1,0.442,5.51e-06,0.299,0.571,121.861,221120,4
665,02woI8r5xhxMt0ndiwytbJ,spotify:track:02woI8r5xhxMt0ndiwytbJ,0.461,0.752,0,-7.158,1,0.00537,0.0543,0.376,0.423,93.994,199098,4
666,4iXSEbAYfD0G4bqTkQCfSn,spotify:track:4iXSEbAYfD0G4bqTkQCfSn,0.496,0.931,5,-7.005,1,0.11,0.049,0.33,0.417,119.989,347280,4
667,1gQOnWynwP1cPFNIh5D8sR,spotify:track:1gQOnWynwP1cPFNIh5D8sR,0.486,0.236,10,-18.289,1,0.809,0.0178,0.0966,0.2,119.346,287293,4
668,6JvEXmRh3l2acBzvqavgT9,spotify:track:6JvEXmRh3l2acBzvqavgT9,0.435,0.88,2,-8.451,1,0.00265,0.0014,0.436,0.593,91.116,347093,4
669,4x4e63yL8r7tOFcZ0n6KHe,spotify:track:4x4e63yL8r7tOFcZ0n6KHe,0.618,0.77,9,-8.425,1,0.0285,2.51e-06,0.0862,0.866,130.121,227653,4
670,4RdqVrjTnuEms5pgKNG95q,spotify:track:4RdqVrjTnuEms5pgKNG95q,0.393,0.636,5,-6.569,0,0.000125,0.0461,0.0916,0.145,132.971,271693,4
671,01fdJQg7hkJZV0PgXidvDG,spotify:track:01fdJQg7hkJZV0PgXidvDG,0.625,0.8,1,-6.728,1,0.0107,0.00894,0.204,0.733,150.057,211371,4
672,4DuJ3mgi1EtY2HflhJtW1N,spotify:track:4DuJ3mgi1EtY2HflhJtW1N,0.541,0.716,2,-7.074,1,0.0145,0.217,0.382,0.96,122.005,227347,4
673,0jnFDxgNhS156vu6roUVco,spotify:track:0jnFDxgNhS156vu6roUVco,0.74,0.613,7,-9.487,1,0.00494,0.118,0.095,0.676,96.491,192440,4
674,7iSRODrnBxxlyc93KkJj2Z,spotify:track:7iSRODrnBxxlyc93KkJj2Z,0.602,0.364,7,-8.477,1,0.674,0.826,0.0992,0.135,120.141,187573,4
675,49MrhOE34s3Nbuuiaqo6aT,spotify:track:49MrhOE34s3Nbuuiaqo6aT,0.315,0.814,2,-8.702,1,0.00372,0.0625,0.721,0.132,140.399,238896,4
676,0A5rw6qfy6wfwVL0QIKdfb,spotify:track:0A5rw6qfy6wfwVL0QIKdfb,0.588,0.668,7,-11.742,1,0.000579,0.000533,0.126,0.931,134.039,210453,4
677,5K7zxhe7SYlptRV8KYzchZ,spotify:track:5K7zxhe7SYlptRV8KYzchZ,0.345,0.565,2,-11.283,1,0.0938,0.0675,0.171,0.356,180.26,218050,4
678,2L5fTA7BBgL70AjMYq0sfI,spotify:track:2L5fTA7BBgL70AjMYq0sfI,0.786,0.894,1,-2.911,1,0.00564,0.153,0.0939,0.773,113.018,175118,4
679,7ziicmUOzWXAkdPriOmFk9,spotify:track:7ziicmUOzWXAkdPriOmFk9,0.546,0.572,5,-13.104,1,0.0701,0.000731,0.079,0.529,113.312,238120,4
680,5cSXn9ozPu3jNT2lxWLOCT,spotify:track:5cSXn9ozPu3jNT2lxWLOCT,0.438,0.904,2,-4.789,1,0.011,0.0879,0.835,0.238,131.957,200400,4
681,41IubysSeDtIbadKQ1Sphr,spotify:track:41IubysSeDtIbadKQ1Sphr,0.52,0.884,4,-5.861,0,0.000658,0.267,0.094,0.705,157.018,295055,4
682,35ISBknsCeZQtq66xABI9g,spotify:track:35ISBknsCeZQtq66xABI9g,0.798,0.562,9,-5.913,1,0.11,0.00606,0.122,0.647,110.991,284067,4
683,297PYWIVLP38C1a92ND8Kv,spotify:track:297PYWIVLP38C1a92ND8Kv,0.658,0.771,10,-6.09,0,0.000893,0.001,0.0767,0.79,111.057,201133,4
684,1p9pkUjr2UsP7G6wpr3dvJ,spotify:track:1p9pkUjr2UsP7G6wpr3dvJ,0.502,0.808,2,-5.494,0,0.000925,0.0612,0.114,0.431,163.95,253698,4
685,2dono2Koz7DEvGwxUsmMLq,spotify:track:2dono2Koz7DEvGwxUsmMLq,0.404,0.393,2,-6.607,1,0.806,0.000443,0.0938,0.403,98.217,186000,4
686,0KkCQEj9RMsgUfbVnOZzX8,spotify:track:0KkCQEj9RMsgUfbVnOZzX8,0.383,0.84,11,-6.311,0,0.0173,0.0,0.152,0.37,164.097,154333,4
687,0CxoJLHMOp7K87hKGGF8rM,spotify:track:0CxoJLHMOp7K87hKGGF8rM,0.579,0.672,6,-4.496,1,0.0234,0.0801,0.116,0.143,77.021,157486,4
688,1Wi1XpdZzGVIdRTzlTrIEF,spotify:track:1Wi1XpdZzGVIdRTzlTrIEF,0.65,0.686,6,-4.611,1,0.0103,0.000599,0.0619,0.559,119.937,213117,4
689,6l6XVeeoTe3ggya4fLY8l8,spotify:track:6l6XVeeoTe3ggya4fLY8l8,0.706,0.591,9,-7.383,0,0.309,2.72e-05,0.0722,0.498,92.984,203989,4
690,2KejCKgm7l3uefW9cFt8cH,spotify:track:2KejCKgm7l3uefW9cFt8cH,0.567,0.785,9,-5.512,0,0.000175,0.00353,0.396,0.312,97.017,179307,4
691,2262bWmqomIaJXwCRHr13j,spotify:track:2262bWmqomIaJXwCRHr13j,0.494,0.413,11,-10.432,1,0.682,6.72e-05,0.193,0.273,94.938,211979,4
692,0UMGY9KzTESYGstyvypV6z,spotify:track:0UMGY9KzTESYGstyvypV6z,0.647,0.822,7,-2.609,1,0.015,1.3e-06,0.343,0.772,133.938,237213,4
693,3siwsiaEoU4Kuuc9WKMUy5,spotify:track:3siwsiaEoU4Kuuc9WKMUy5,0.705,0.339,7,-10.612,1,0.552,0.0814,0.12,0.457,97.989,236907,4
694,1BK1d7b9bhlbKpQPbYGsol,spotify:track:1BK1d7b9bhlbKpQPbYGsol,0.348,0.41,1,-4.712,1,0.413,1.43e-06,0.325,0.291,80.262,197543,4
695,5UUttIrxWcB5IZER2LfQpl,spotify:track:5UUttIrxWcB5IZER2LfQpl,0.782,0.598,11,-4.986,1,0.613,5.54e-06,0.112,0.714,105.512,207189,4
696,4WDzpyln8Ac9JbElIEv2bl,spotify:track:4WDzpyln8Ac9JbElIEv2bl,0.511,0.856,9,-4.562,1,0.101,0.000943,0.14,0.499,162.128,193887,4
697,2Lumsra3kuU61wXkEKzKaK,spotify:track:2Lumsra3kuU61wXkEKzKaK,0.473,0.621,11,-8.698,0,0.0253,0.000366,0.19,0.782,173.083,152761,4
698,2CmhmWmCJiGoaN6JvVmM0M,spotify:track:2CmhmWmCJiGoaN6JvVmM0M,0.712,0.749,1,-5.158,1,0.0444,0.000904,0.0848,0.909,97.984,177072,4
699,4Qf8HOtPqUC1tbPNgIKh3o,spotify:track:4Qf8HOtPqUC1tbPNgIKh3o,0.577,0.553,8,-7.884,1,0.712,0.769,0.121,0.295,130.003,232733,4
700,72axgzzIesvooaE3TTjWKp,spotify:track:72axgzzIesvooaE3TTjWKp,0.575,0.619,9,-6.065,1,0.236,0.439,0.0913,0.293,113.06,303006,4
701,53OqecARVvVCUTjL1yg0sq,spotify:track:53OqecARVvVCUTjL1yg0sq,0.282,0.843,0,-4.383,1,0.131,0.000156,0.39,0.662,158.072,203693,4
702,6WTFHKrnZpwEBLRS10Ylqs,spotify:track:6WTFHKrnZpwEBLRS10Ylqs,0.578,0.509,2,-6.229,1,0.13,0.734,0.344,0.586,119.945,74379,4
703,71dMjqJ8UJV700zYs5YZCh,spotify:track:71dMjqJ8UJV700zYs5YZCh,0.664,0.768,1,-5.547,1,0.0194,0.00119,0.208,0.796,115.979,211800,4
704,1PIBxfR4k67snh0hUSgzPs,spotify:track:1PIBxfR4k67snh0hUSgzPs,0.825,0.764,5,-4.963,0,0.0188,0.0526,0.0723,0.771,122.416,258939,4
705,6r2H9RQTO0F9fbbsUodbNP,spotify:track:6r2H9RQTO0F9fbbsUodbNP,0.621,0.596,0,-6.048,1,0.142,0.0,0.267,0.245,112.126,194733,4
706,3Vr3zh0r7ALn8VLqCiRR10,spotify:track:3Vr3zh0r7ALn8VLqCiRR10,0.635,0.601,1,-6.129,0,0.246,0.0,0.11,0.332,123.994,172533,4
707,42LosPywlCAQnvtZf4hK46,spotify:track:42LosPywlCAQnvtZf4hK46,0.58,0.648,0,-6.776,0,0.223,0.000535,0.104,0.574,80.002,198053,4
708,3aQ9MHkMeL7Yu7jpyF62xn,spotify:track:3aQ9MHkMeL7Yu7jpyF62xn,0.563,0.44,6,-10.01,0,0.0258,7.62e-06,0.227,0.417,116.988,266493,4
709,4fZ07aBMo69QTEKo4OC4Dz,spotify:track:4fZ07aBMo69QTEKo4OC4Dz,0.598,0.872,7,-4.78,1,0.187,0.0,0.0654,0.665,91.023,203690,4
710,3b1s3Ywg0laGsNHCpUBhrl,spotify:track:3b1s3Ywg0laGsNHCpUBhrl,0.534,0.491,10,-7.386,0,0.026,0.0,0.101,0.311,81.991,157938,4
711,5j99dfS5X643RxuJdyizt3,spotify:track:5j99dfS5X643RxuJdyizt3,0.793,0.673,11,-7.124,0,0.0167,0.091,0.299,0.507,134.034,158310,4
712,2UGWhW5YmrEDUDRB3H1fif,spotify:track:2UGWhW5YmrEDUDRB3H1fif,0.548,0.664,7,-5.428,1,0.0243,9.27e-06,0.195,0.645,168.086,174893,4
713,38Cz00CoSHqfhlTrpRjAAf,spotify:track:38Cz00CoSHqfhlTrpRjAAf,0.716,0.505,2,-7.643,1,0.18,8.99e-06,0.102,0.451,125.017,199760,4
714,0REms6Av7SrnzBEKXwxUoB,spotify:track:0REms6Av7SrnzBEKXwxUoB,0.847,0.494,1,-8.647,0,0.052,0.372,0.128,0.742,116.009,221373,4
715,56vEHHaPS9pz3rVODN6b1O,spotify:track:56vEHHaPS9pz3rVODN6b1O,0.552,0.589,0,-7.568,1,0.0833,0.425,0.116,0.509,117.963,248136,4
716,3FW4X3cgPYtL7yla6YyPfu,spotify:track:3FW4X3cgPYtL7yla6YyPfu,0.725,0.827,8,-5.536,1,0.00384,0.000436,0.121,0.68,120.047,154104,4
717,0mlNG5Y6e05ibV4grRVyr9,spotify:track:0mlNG5Y6e05ibV4grRVyr9,0.481,0.729,0,-5.991,1,0.0129,0.0063,0.1,0.376,165.015,227191,4
718,1x1z2qHf13S4nD4ozEEH02,spotify:track:1x1z2qHf13S4nD4ozEEH02,0.652,0.831,0,-6.192,1,0.0214,0.0445,0.107,0.601,111.989,201256,4
719,3CTBfot80XAOyuaJ1jcN5z,spotify:track:3CTBfot80XAOyuaJ1jcN5z,0.654,0.663,1,-8.913,1,0.0589,0.0557,0.13,0.676,134.924,188443,4
720,64fFsjcOMJcHNfpeqMx1w7,spotify:track:64fFsjcOMJcHNfpeqMx1w7,0.594,0.721,4,-5.829,1,0.00433,0.000295,0.0978,0.609,122.031,327584,4
721,2zs0Oae871mUHpS0iOMJ7O,spotify:track:2zs0Oae871mUHpS0iOMJ7O,0.606,0.658,2,-7.523,1,0.33,0.0128,0.11,0.205,97.981,248215,4
722,7Kzy7StKclwXPJWFIJ7l1X,spotify:track:7Kzy7StKclwXPJWFIJ7l1X,0.452,0.786,7,-4.153,1,0.0133,0.0,0.112,0.368,94.072,263760,4
723,2OiJ2pEQlLPnOywokPkG4N,spotify:track:2OiJ2pEQlLPnOywokPkG4N,0.658,0.836,6,-7.634,0,0.0704,0.00574,0.121,0.561,113.012,255320,4
724,6P3BLSxIWbcWF8cNkimmLy,spotify:track:6P3BLSxIWbcWF8cNkimmLy,0.688,0.323,4,-11.787,1,0.539,0.679,0.0815,0.528,104.0,254375,4
725,6yuBDYdORL4p8gQZYpGz3a,spotify:track:6yuBDYdORL4p8gQZYpGz3a,0.574,0.749,7,-5.43,0,0.047,2.42e-05,0.173,0.723,120.024,290802,4
726,36wxxeCHvKWpTYfNQGkiZW,spotify:track:36wxxeCHvKWpTYfNQGkiZW,0.485,0.499,10,-7.279,1,0.141,0.0,0.294,0.417,94.894,221947,4
727,58VHR19NNpBFrrL2PP06Wv,spotify:track:58VHR19NNpBFrrL2PP06Wv,0.437,0.219,8,-10.586,1,0.904,0.215,0.161,0.136,107.431,233345,4
728,4JRiNpQ0VpEfxUxEkniq22,spotify:track:4JRiNpQ0VpEfxUxEkniq22,0.663,0.889,5,-4.291,1,0.00238,0.00824,0.158,0.715,119.985,266471,4
729,63ABAnFKJCp28TAyqf2cGL,spotify:track:63ABAnFKJCp28TAyqf2cGL,0.781,0.501,3,-9.767,1,0.66,3.78e-06,0.0908,0.961,134.014,177818,4
730,1z1eqJLRuLR14DIGpgTLeP,spotify:track:1z1eqJLRuLR14DIGpgTLeP,0.389,0.487,0,-8.249,1,0.322,1.32e-05,0.249,0.513,110.101,152770,4
731,5SMydTMtNUn7h1hKNtclV1,spotify:track:5SMydTMtNUn7h1hKNtclV1,0.614,0.836,2,-7.004,1,0.337,0.000226,0.367,0.804,103.828,134648,4
732,0s5CpCxuZnyITiWTuSWmxI,spotify:track:0s5CpCxuZnyITiWTuSWmxI,0.533,0.867,8,-5.465,1,0.0111,0.00712,0.356,0.385,118.038,225029,3
733,6ZiETe7uxVBocdajCwhAHn,spotify:track:6ZiETe7uxVBocdajCwhAHn,0.511,0.881,0,-5.552,1,0.00908,0.00102,0.11,0.398,160.048,211947,4
734,5q1Zaz0jxxPPrU67ddj0us,spotify:track:5q1Zaz0jxxPPrU67ddj0us,0.713,0.712,7,-6.197,0,0.399,1.16e-06,0.089,0.67,134.997,164473,4
735,6a2HBMpj2G2wXSrgBl9ZNT,spotify:track:6a2HBMpj2G2wXSrgBl9ZNT,0.501,0.891,9,-5.827,1,0.347,0.0276,0.181,0.509,149.992,163265,4
736,4gGh7b3nKa4rlxyPLWcfTd,spotify:track:4gGh7b3nKa4rlxyPLWcfTd,0.404,0.761,6,-5.068,0,0.359,0.042,0.592,0.624,152.23,215369,4
737,6vBlEMm5JlUVZok4pfVjlu,spotify:track:6vBlEMm5JlUVZok4pfVjlu,0.612,0.673,7,-5.332,0,0.242,0.207,0.449,0.342,82.003,227640,4
738,4DM5CmW7odKbUlMDAQC1ci,spotify:track:4DM5CmW7odKbUlMDAQC1ci,0.594,0.579,1,-5.803,1,0.447,0.0,0.149,0.287,170.051,268802,4
739,6qxmMJHgNQIhkElzO7yiLq,spotify:track:6qxmMJHgNQIhkElzO7yiLq,0.634,0.768,1,-4.22,0,0.00621,0.0,0.497,0.819,124.009,210500,4
740,5suIFrXr4gXhpEzFNjej85,spotify:track:5suIFrXr4gXhpEzFNjej85,0.534,0.726,6,-6.656,0,0.0501,0.0,0.183,0.361,90.471,160320,4
741,5nClRNXw6qsqQZjOVd6XIg,spotify:track:5nClRNXw6qsqQZjOVd6XIg,0.719,0.594,7,-7.048,1,0.215,2.77e-06,0.0911,0.224,111.023,181867,4
742,0aGJkwtYb5DAJjpIAZ8lmZ,spotify:track:0aGJkwtYb5DAJjpIAZ8lmZ,0.518,0.802,7,-5.888,0,0.00178,0.157,0.0857,0.488,159.908,196400,4
743,0lHhXRTL75X5fDN9VsIH72,spotify:track:0lHhXRTL75X5fDN9VsIH72,0.46,0.725,10,-4.406,1,0.0398,0.000861,0.135,0.488,180.08,181470,4
744,7MarkM3buE9DyaEZ59b7vy,spotify:track:7MarkM3buE9DyaEZ59b7vy,0.631,0.416,6,-8.275,1,0.051,0.0132,0.103,0.601,79.979,275121,4
745,3NMXHkEhxF2ijm2KC0wHKU,spotify:track:3NMXHkEhxF2ijm2KC0wHKU,0.637,0.648,8,-6.28,1,0.0338,9.94e-05,0.0728,0.55,104.974,180851,4
746,2DpaLvk9AOPSSQhlcepetR,spotify:track:2DpaLvk9AOPSSQhlcepetR,0.241,0.806,4,-4.568,1,0.00392,0.0,0.274,0.22,165.859,208640,4
747,4OOhZ02Ec4XBcFVSNJdeDk,spotify:track:4OOhZ02Ec4XBcFVSNJdeDk,0.731,0.553,7,-3.709,1,0.0718,0.0,0.146,0.7,139.975,156347,4
